term	parent_term	root_domain	term_path	term_level	term_role	allowed_as_attribute_category	allowed_as_attribute_name	allowed_as_entity	allowed_as_component_role
发射药		发射药	发射药	0	concept	yes	no	no	no
组成	发射药	发射药	发射药/组成	1	concept	yes	no	no	no
硝化棉	组成	发射药	发射药/组成/硝化棉	2	material_or_component	no	no	yes	yes
A级硝化棉	硝化棉	发射药	发射药/组成/硝化棉/A级硝化棉	3	material_or_component	no	no	yes	yes
B级硝化棉	硝化棉	发射药	发射药/组成/硝化棉/B级硝化棉	3	material_or_component	no	no	yes	yes
C级硝化棉	硝化棉	发射药	发射药/组成/硝化棉/C级硝化棉	3	material_or_component	no	no	yes	yes
D级硝化棉	硝化棉	发射药	发射药/组成/硝化棉/D级硝化棉	3	material_or_component	no	no	yes	yes
E级硝化棉	硝化棉	发射药	发射药/组成/硝化棉/E级硝化棉	3	material_or_component	no	no	yes	yes
粘结剂	组成	发射药	发射药/组成/粘结剂	2	concept	no	no	no	no
含能粘结剂	粘结剂	发射药	发射药/组成/粘结剂/含能粘结剂	3	concept	no	no	no	no
叠氮类含能粘结剂	含能粘结剂	发射药	发射药/组成/粘结剂/含能粘结剂/叠氮类含能粘结剂	4	concept	no	no	no	no
硝酸酯类含能粘结剂	含能粘结剂	发射药	发射药/组成/粘结剂/含能粘结剂/硝酸酯类含能粘结剂	4	material_or_component	no	no	yes	yes
硝基类含能粘结剂	含能粘结剂	发射药	发射药/组成/粘结剂/含能粘结剂/硝基类含能粘结剂	4	concept	no	no	no	no
硝胺类含能粘结剂	含能粘结剂	发射药	发射药/组成/粘结剂/含能粘结剂/硝胺类含能粘结剂	4	concept	no	no	no	no
惰性粘结剂	粘结剂	发射药	发射药/组成/粘结剂/惰性粘结剂	3	concept	no	no	no	no
聚氨酯	惰性粘结剂	发射药	发射药/组成/粘结剂/惰性粘结剂/聚氨酯	4	concept	no	no	no	no
醋酸纤维素	惰性粘结剂	发射药	发射药/组成/粘结剂/惰性粘结剂/醋酸纤维素	4	concept	no	no	no	no
乙基纤维素	惰性粘结剂	发射药	发射药/组成/粘结剂/惰性粘结剂/乙基纤维素	4	concept	no	no	no	no
增塑剂	组成	发射药	发射药/组成/增塑剂	2	concept	no	no	no	no
含能增塑剂	增塑剂	发射药	发射药/组成/增塑剂/含能增塑剂	3	concept	no	no	no	no
硝化甘油	含能增塑剂	发射药	发射药/组成/增塑剂/含能增塑剂/硝化甘油	4	material_or_component	no	no	yes	yes
硝化二乙二醇	含能增塑剂	发射药	发射药/组成/增塑剂/含能增塑剂/硝化二乙二醇	4	material_or_component	no	no	yes	yes
硝化三乙二醇	含能增塑剂	发射药	发射药/组成/增塑剂/含能增塑剂/硝化三乙二醇	4	material_or_component	no	no	yes	yes
硝基异丁基甘油三硝酸酯	含能增塑剂	发射药	发射药/组成/增塑剂/含能增塑剂/硝基异丁基甘油三硝酸酯	4	material_or_component	no	no	yes	yes
甲基异丁基甘油三硝酸酯	含能增塑剂	发射药	发射药/组成/增塑剂/含能增塑剂/甲基异丁基甘油三硝酸酯	4	material_or_component	no	no	yes	yes
丁三醇三硝酸酯	含能增塑剂	发射药	发射药/组成/增塑剂/含能增塑剂/丁三醇三硝酸酯	4	material_or_component	no	no	yes	yes
乙二醇二硝酸酯	含能增塑剂	发射药	发射药/组成/增塑剂/含能增塑剂/乙二醇二硝酸酯	4	material_or_component	no	no	yes	yes
惰性增塑剂	增塑剂	发射药	发射药/组成/增塑剂/惰性增塑剂	3	concept	no	no	no	no
己二酸二辛酯	惰性增塑剂	发射药	发射药/组成/增塑剂/惰性增塑剂/己二酸二辛酯	4	concept	no	no	no	no
邻苯二甲酸二乙酯	惰性增塑剂	发射药	发射药/组成/增塑剂/惰性增塑剂/邻苯二甲酸二乙酯	4	concept	no	no	no	no
甘油三醋酸酯	惰性增塑剂	发射药	发射药/组成/增塑剂/惰性增塑剂/甘油三醋酸酯	4	concept	no	no	no	no
癸二酸二丁酯	惰性增塑剂	发射药	发射药/组成/增塑剂/惰性增塑剂/癸二酸二丁酯	4	concept	no	no	no	no
高能化合物	组成	发射药	发射药/组成/高能化合物	2	concept	no	no	no	no
硝基胍	高能化合物	发射药	发射药/组成/高能化合物/硝基胍	3	concept	no	no	no	no
硝化二乙醇胺	高能化合物	发射药	发射药/组成/高能化合物/硝化二乙醇胺	3	material_or_component	no	no	yes	yes
黑索今	高能化合物	发射药	发射药/组成/高能化合物/黑索今	3	material_or_component	no	no	yes	yes
奥克托今	高能化合物	发射药	发射药/组成/高能化合物/奥克托今	3	material_or_component	no	no	yes	yes
性能改良剂	组成	发射药	发射药/组成/性能改良剂	2	concept	no	no	no	no
消焰剂	性能改良剂	发射药	发射药/组成/性能改良剂/消焰剂	3	concept	no	no	no	no
硝酸钾	消焰剂	发射药	发射药/组成/性能改良剂/消焰剂/硝酸钾	4	material_or_component	no	no	yes	yes
硫酸钾	消焰剂	发射药	发射药/组成/性能改良剂/消焰剂/硫酸钾	4	material_or_component	no	no	yes	yes
松香	消焰剂	发射药	发射药/组成/性能改良剂/消焰剂/松香	4	material_or_component	no	no	yes	yes
冰晶石	消焰剂	发射药	发射药/组成/性能改良剂/消焰剂/冰晶石	4	concept	no	no	no	no
有机酸盐	消焰剂	发射药	发射药/组成/性能改良剂/消焰剂/有机酸盐	4	equipment	no	no	yes	no
安定剂	性能改良剂	发射药	发射药/组成/性能改良剂/安定剂	3	concept	no	no	no	no
二苯胺	安定剂	发射药	发射药/组成/性能改良剂/安定剂/二苯胺	4	material_or_component	no	no	yes	yes
N,N'-二甲基-N,N'-二苯脲	安定剂	发射药	发射药/组成/性能改良剂/安定剂/N,N'-二甲基-N,N'-二苯脲	4	concept	no	no	no	no
N,N'-二乙基-N,N'-二苯脲	安定剂	发射药	发射药/组成/性能改良剂/安定剂/N,N'-二乙基-N,N'-二苯脲	4	concept	no	no	no	no
2-硝基二苯胺	安定剂	发射药	发射药/组成/性能改良剂/安定剂/2-硝基二苯胺	4	material_or_component	no	no	yes	yes
抗烧蚀剂	性能改良剂	发射药	发射药/组成/性能改良剂/抗烧蚀剂	3	concept	no	no	no	no
二氧化钛	抗烧蚀剂	发射药	发射药/组成/性能改良剂/抗烧蚀剂/二氧化钛	4	concept	no	no	no	no
滑石粉	抗烧蚀剂	发射药	发射药/组成/性能改良剂/抗烧蚀剂/滑石粉	4	concept	no	no	no	no
石蜡	抗烧蚀剂	发射药	发射药/组成/性能改良剂/抗烧蚀剂/石蜡	4	concept	no	no	no	no
松香	抗烧蚀剂	发射药	发射药/组成/性能改良剂/抗烧蚀剂/松香	4	material_or_component	no	no	yes	yes
钝感剂	性能改良剂	发射药	发射药/组成/性能改良剂/钝感剂	3	concept	no	no	no	no
樟脑	钝感剂	发射药	发射药/组成/性能改良剂/钝感剂/樟脑	4	concept	no	no	no	no
邻苯二甲酸二丁酯	钝感剂	发射药	发射药/组成/性能改良剂/钝感剂/邻苯二甲酸二丁酯	4	concept	no	no	no	no
工艺附加物	性能改良剂	发射药	发射药/组成/性能改良剂/工艺附加物	3	process_or_method	no	yes	no	no
氧化镁	工艺附加物	发射药	发射药/组成/性能改良剂/工艺附加物/氧化镁	4	concept	no	no	no	no
石墨	工艺附加物	发射药	发射药/组成/性能改良剂/工艺附加物/石墨	4	material_or_component	no	no	yes	yes
松香	工艺附加物	发射药	发射药/组成/性能改良剂/工艺附加物/松香	4	material_or_component	no	no	yes	yes
地蜡	工艺附加物	发射药	发射药/组成/性能改良剂/工艺附加物/地蜡	4	concept	no	no	no	no
应用	发射药	发射药	发射药/应用	1	application	no	yes	yes	no
应用平台	应用	发射药	发射药/应用/应用平台	2	application	no	yes	yes	no
身管武器	应用平台	发射药	发射药/应用/应用平台/身管武器	3	equipment	no	no	yes	no
手枪/步枪	身管武器	发射药	发射药/应用/应用平台/身管武器/手枪/步枪	4	concept	no	no	no	no
火炮	身管武器	发射药	发射药/应用/应用平台/身管武器/火炮	4	application	no	yes	yes	no
线膛火炮	火炮	发射药	发射药/应用/应用平台/身管武器/火炮/线膛火炮	5	application	no	yes	yes	no
滑膛火炮	火炮	发射药	发射药/应用/应用平台/身管武器/火炮/滑膛火炮	5	application	no	yes	yes	no
抛放弹	应用平台	发射药	发射药/应用/应用平台/抛放弹	3	concept	no	no	no	no
特殊应用	应用平台	发射药	发射药/应用/应用平台/特殊应用	3	application	no	yes	yes	no
无后坐炮	特殊应用	发射药	发射药/应用/应用平台/特殊应用/无后坐炮	4	concept	no	no	no	no
膨胀波火炮	特殊应用	发射药	发射药/应用/应用平台/特殊应用/膨胀波火炮	4	application	no	yes	yes	no
平衡炮	特殊应用	发射药	发射药/应用/应用平台/特殊应用/平衡炮	4	concept	no	no	no	no
高低压火炮	特殊应用	发射药	发射药/应用/应用平台/特殊应用/高低压火炮	4	application	no	yes	yes	no
性能需求	应用	发射药	发射药/应用/性能需求	2	concept	no	no	no	no
能量性能	性能需求	发射药	发射药/应用/性能需求/能量性能	3	concept	no	no	no	no
力学性能	性能需求	发射药	发射药/应用/性能需求/力学性能	3	concept	no	no	no	no
内弹道性能	性能需求	发射药	发射药/应用/性能需求/内弹道性能	3	concept	no	no	no	no
燃烧性能	性能需求	发射药	发射药/应用/性能需求/燃烧性能	3	concept	no	no	no	no
安全性能	性能需求	发射药	发射药/应用/性能需求/安全性能	3	safety_management	no	yes	no	no
贮存寿命	性能需求	发射药	发射药/应用/性能需求/贮存寿命	3	concept	no	no	no	no
烟焰要求	性能需求	发射药	发射药/应用/性能需求/烟焰要求	3	standard_or_requirement	no	yes	no	no
环境适用性	性能需求	发射药	发射药/应用/性能需求/环境适用性	3	concept	no	no	no	no
特殊需求	性能需求	发射药	发射药/应用/性能需求/特殊需求	3	concept	no	no	no	no
装药设计	应用	发射药	发射药/应用/装药设计	2	concept	no	no	no	no
指标要求	装药设计	发射药	发射药/应用/装药设计/指标要求	3	standard_or_requirement	no	yes	no	no
威力	指标要求	发射药	发射药/应用/装药设计/指标要求/威力	4	concept	no	no	no	no
安全性和可靠性	指标要求	发射药	发射药/应用/装药设计/指标要求/安全性和可靠性	4	safety_management	no	yes	no	no
勤务处理	指标要求	发射药	发射药/应用/装药设计/指标要求/勤务处理	4	process_or_method	no	yes	no	no
平台条件	装药设计	发射药	发射药/应用/装药设计/平台条件	3	application	no	yes	yes	no
火炮口径	平台条件	发射药	发射药/应用/装药设计/平台条件/火炮口径	4	application	no	yes	yes	no
药室容积	平台条件	发射药	发射药/应用/装药设计/平台条件/药室容积	4	concept	no	no	no	no
炮膛横断面积	平台条件	发射药	发射药/应用/装药设计/平台条件/炮膛横断面积	4	concept	no	no	no	no
弹丸行程长	平台条件	发射药	发射药/应用/装药设计/平台条件/弹丸行程长	4	concept	no	no	no	no
装药组成	装药设计	发射药	发射药/应用/装药设计/装药组成	3	concept	no	no	no	no
发射药	装药组成	发射药	发射药/应用/装药设计/装药组成/发射药	4	concept	no	no	no	no
点火具及其元件	装药组成	发射药	发射药/应用/装药设计/装药组成/点火具及其元件	4	concept	no	no	no	no
护膛剂	装药组成	发射药	发射药/应用/装药设计/装药组成/护膛剂	4	concept	no	no	no	no
除铜剂	装药组成	发射药	发射药/应用/装药设计/装药组成/除铜剂	4	concept	no	no	no	no
消焰剂	装药组成	发射药	发射药/应用/装药设计/装药组成/消焰剂	4	concept	no	no	no	no
紧塞具	装药组成	发射药	发射药/应用/装药设计/装药组成/紧塞具	4	concept	no	no	no	no
药筒/弹壳	装药组成	发射药	发射药/应用/装药设计/装药组成/药筒/弹壳	4	concept	no	no	no	no
密封盖	装药组成	发射药	发射药/应用/装药设计/装药组成/密封盖	4	concept	no	no	no	no
试验测试	应用	发射药	发射药/应用/试验测试	2	concept	no	no	no	no
发射药性能测试	试验测试	发射药	发射药/应用/试验测试/发射药性能测试	3	concept	no	no	no	no
密闭爆发器试验	发射药性能测试	发射药	发射药/应用/试验测试/发射药性能测试/密闭爆发器试验	4	equipment	no	no	yes	no
烧蚀管试验	发射药性能测试	发射药	发射药/应用/试验测试/发射药性能测试/烧蚀管试验	4	concept	no	no	no	no
燃烧中止试验	发射药性能测试	发射药	发射药/应用/试验测试/发射药性能测试/燃烧中止试验	4	concept	no	no	no	no
发射药装药性能测试	试验测试	发射药	发射药/应用/试验测试/发射药装药性能测试	3	concept	no	no	no	no
密闭爆发器试验	发射药装药性能测试	发射药	发射药/应用/试验测试/发射药装药性能测试/密闭爆发器试验	4	equipment	no	no	yes	no
烧蚀管试验	发射药装药性能测试	发射药	发射药/应用/试验测试/发射药装药性能测试/烧蚀管试验	4	concept	no	no	no	no
燃烧中止试验	发射药装药性能测试	发射药	发射药/应用/试验测试/发射药装药性能测试/燃烧中止试验	4	concept	no	no	no	no
发射装药发射安全性试验	发射药装药性能测试	发射药	发射药/应用/试验测试/发射药装药性能测试/发射装药发射安全性试验	4	safety_management	no	yes	no	no
发射装药点传火与运动试验	发射药装药性能测试	发射药	发射药/应用/试验测试/发射药装药性能测试/发射装药点传火与运动试验	4	concept	no	no	no	no
火炮初速和膛压测定	发射药装药性能测试	发射药	发射药/应用/试验测试/发射药装药性能测试/火炮初速和膛压测定	4	application	no	yes	yes	no
测试标准	试验测试	发射药	发射药/应用/试验测试/测试标准	3	standard_or_requirement	no	yes	no	no
GJB 772A/B、GJB 770A	测试标准	发射药	发射药/应用/试验测试/测试标准/GJB 772A/B、GJB 770A	4	standard_or_requirement	no	yes	no	no
制备与加工	发射药	发射药	发射药/制备与加工	1	process_or_method	no	yes	no	no
模型与设计	制备与加工	发射药	发射药/制备与加工/模型与设计	2	concept	no	no	no	no
动力学模型	模型与设计	发射药	发射药/制备与加工/模型与设计/动力学模型	3	concept	no	no	no	no
热力学模型	模型与设计	发射药	发射药/制备与加工/模型与设计/热力学模型	3	concept	no	no	no	no
物理模型	模型与设计	发射药	发射药/制备与加工/模型与设计/物理模型	3	concept	no	no	no	no
数字孪生	模型与设计	发射药	发射药/制备与加工/模型与设计/数字孪生	3	concept	no	no	no	no
安全模型	模型与设计	发射药	发射药/制备与加工/模型与设计/安全模型	3	safety_management	no	yes	no	no
控制模型	模型与设计	发射药	发射药/制备与加工/模型与设计/控制模型	3	concept	no	no	no	no
工艺流程	制备与加工	发射药	发射药/制备与加工/工艺流程	2	process_or_method	no	yes	no	no
溶剂法挤出成型工艺	工艺流程	发射药	发射药/制备与加工/工艺流程/溶剂法挤出成型工艺	3	process_or_method	no	yes	no	no
塑化	溶剂法挤出成型工艺	发射药	发射药/制备与加工/工艺流程/溶剂法挤出成型工艺/塑化	4	concept	no	no	no	no
压伸	溶剂法挤出成型工艺	发射药	发射药/制备与加工/工艺流程/溶剂法挤出成型工艺/压伸	4	concept	no	no	no	no
晾药	溶剂法挤出成型工艺	发射药	发射药/制备与加工/工艺流程/溶剂法挤出成型工艺/晾药	4	concept	no	no	no	no
切药	溶剂法挤出成型工艺	发射药	发射药/制备与加工/工艺流程/溶剂法挤出成型工艺/切药	4	concept	no	no	no	no
筛选	溶剂法挤出成型工艺	发射药	发射药/制备与加工/工艺流程/溶剂法挤出成型工艺/筛选	4	concept	no	no	no	no
驱溶	溶剂法挤出成型工艺	发射药	发射药/制备与加工/工艺流程/溶剂法挤出成型工艺/驱溶	4	concept	no	no	no	no
混同包装	溶剂法挤出成型工艺	发射药	发射药/制备与加工/工艺流程/溶剂法挤出成型工艺/混同包装	4	concept	no	no	no	no
半溶剂法挤出成型工艺	工艺流程	发射药	发射药/制备与加工/工艺流程/半溶剂法挤出成型工艺	3	process_or_method	no	yes	no	no
造粒	半溶剂法挤出成型工艺	发射药	发射药/制备与加工/工艺流程/半溶剂法挤出成型工艺/造粒	4	concept	no	no	no	no
塑化	半溶剂法挤出成型工艺	发射药	发射药/制备与加工/工艺流程/半溶剂法挤出成型工艺/塑化	4	concept	no	no	no	no
压伸	半溶剂法挤出成型工艺	发射药	发射药/制备与加工/工艺流程/半溶剂法挤出成型工艺/压伸	4	concept	no	no	no	no
晾药	半溶剂法挤出成型工艺	发射药	发射药/制备与加工/工艺流程/半溶剂法挤出成型工艺/晾药	4	concept	no	no	no	no
切药	半溶剂法挤出成型工艺	发射药	发射药/制备与加工/工艺流程/半溶剂法挤出成型工艺/切药	4	concept	no	no	no	no
筛选	半溶剂法挤出成型工艺	发射药	发射药/制备与加工/工艺流程/半溶剂法挤出成型工艺/筛选	4	concept	no	no	no	no
驱溶	半溶剂法挤出成型工艺	发射药	发射药/制备与加工/工艺流程/半溶剂法挤出成型工艺/驱溶	4	concept	no	no	no	no
混同包装	半溶剂法挤出成型工艺	发射药	发射药/制备与加工/工艺流程/半溶剂法挤出成型工艺/混同包装	4	concept	no	no	no	no
内溶法成球工艺	工艺流程	发射药	发射药/制备与加工/工艺流程/内溶法成球工艺	3	process_or_method	no	yes	no	no
溶解成球	内溶法成球工艺	发射药	发射药/制备与加工/工艺流程/内溶法成球工艺/溶解成球	4	concept	no	no	no	no
预蒸溶	内溶法成球工艺	发射药	发射药/制备与加工/工艺流程/内溶法成球工艺/预蒸溶	4	concept	no	no	no	no
脱水	内溶法成球工艺	发射药	发射药/制备与加工/工艺流程/内溶法成球工艺/脱水	4	concept	no	no	no	no
蒸溶	内溶法成球工艺	发射药	发射药/制备与加工/工艺流程/内溶法成球工艺/蒸溶	4	concept	no	no	no	no
筛分	内溶法成球工艺	发射药	发射药/制备与加工/工艺流程/内溶法成球工艺/筛分	4	concept	no	no	no	no
后处理	内溶法成球工艺	发射药	发射药/制备与加工/工艺流程/内溶法成球工艺/后处理	4	process_or_method	no	yes	no	no
外溶法成球工艺	工艺流程	发射药	发射药/制备与加工/工艺流程/外溶法成球工艺	3	process_or_method	no	yes	no	no
药料塑化	外溶法成球工艺	发射药	发射药/制备与加工/工艺流程/外溶法成球工艺/药料塑化	4	concept	no	no	no	no
挤压造粒	外溶法成球工艺	发射药	发射药/制备与加工/工艺流程/外溶法成球工艺/挤压造粒	4	concept	no	no	no	no
强化溶胀	外溶法成球工艺	发射药	发射药/制备与加工/工艺流程/外溶法成球工艺/强化溶胀	4	concept	no	no	no	no
预蒸溶	外溶法成球工艺	发射药	发射药/制备与加工/工艺流程/外溶法成球工艺/预蒸溶	4	concept	no	no	no	no
脱水	外溶法成球工艺	发射药	发射药/制备与加工/工艺流程/外溶法成球工艺/脱水	4	concept	no	no	no	no
蒸溶	外溶法成球工艺	发射药	发射药/制备与加工/工艺流程/外溶法成球工艺/蒸溶	4	concept	no	no	no	no
筛分	外溶法成球工艺	发射药	发射药/制备与加工/工艺流程/外溶法成球工艺/筛分	4	concept	no	no	no	no
后处理	外溶法成球工艺	发射药	发射药/制备与加工/工艺流程/外溶法成球工艺/后处理	4	process_or_method	no	yes	no	no
后处理工艺	工艺流程	发射药	发射药/制备与加工/工艺流程/后处理工艺	3	process_or_method	no	yes	no	no
钝感	后处理工艺	发射药	发射药/制备与加工/工艺流程/后处理工艺/钝感	4	concept	no	no	no	no
预烘	后处理工艺	发射药	发射药/制备与加工/工艺流程/后处理工艺/预烘	4	concept	no	no	no	no
光泽	后处理工艺	发射药	发射药/制备与加工/工艺流程/后处理工艺/光泽	4	concept	no	no	no	no
烘干	后处理工艺	发射药	发射药/制备与加工/工艺流程/后处理工艺/烘干	4	concept	no	no	no	no
整形	后处理工艺	发射药	发射药/制备与加工/工艺流程/后处理工艺/整形	4	concept	no	no	no	no
过筛	后处理工艺	发射药	发射药/制备与加工/工艺流程/后处理工艺/过筛	4	concept	no	no	no	no
设备	制备与加工	发射药	发射药/制备与加工/设备	2	equipment	no	no	yes	no
胶化设备	设备	发射药	发射药/制备与加工/设备/胶化设备	3	equipment	no	no	yes	no
缸式捏合机	胶化设备	发射药	发射药/制备与加工/设备/胶化设备/缸式捏合机	4	equipment	no	no	yes	no
三室连续塑化机	胶化设备	发射药	发射药/制备与加工/设备/胶化设备/三室连续塑化机	4	equipment	no	no	yes	no
切药设备	设备	发射药	发射药/制备与加工/设备/切药设备	3	equipment	no	no	yes	no
槽式切药机	切药设备	发射药	发射药/制备与加工/设备/切药设备/槽式切药机	4	equipment	no	no	yes	no
旋刀式切药机	切药设备	发射药	发射药/制备与加工/设备/切药设备/旋刀式切药机	4	equipment	no	no	yes	no
光泽设备	设备	发射药	发射药/制备与加工/设备/光泽设备	3	equipment	no	no	yes	no
转鼓式光泽机	光泽设备	发射药	发射药/制备与加工/设备/光泽设备/转鼓式光泽机	4	equipment	no	no	yes	no
烘干设备	设备	发射药	发射药/制备与加工/设备/烘干设备	3	equipment	no	no	yes	no
桌式烘干机	烘干设备	发射药	发射药/制备与加工/设备/烘干设备/桌式烘干机	4	equipment	no	no	yes	no
转筒烘干机	烘干设备	发射药	发射药/制备与加工/设备/烘干设备/转筒烘干机	4	equipment	no	no	yes	no
压制设备	设备	发射药	发射药/制备与加工/设备/压制设备	3	equipment	no	no	yes	no
柱塞式水压机	压制设备	发射药	发射药/制备与加工/设备/压制设备/柱塞式水压机	4	equipment	no	no	yes	no
油压机	压制设备	发射药	发射药/制备与加工/设备/压制设备/油压机	4	equipment	no	no	yes	no
连续式单螺杆挤压机	压制设备	发射药	发射药/制备与加工/设备/压制设备/连续式单螺杆挤压机	4	equipment	no	no	yes	no
釜体设备	设备	发射药	发射药/制备与加工/设备/釜体设备	3	equipment	no	no	yes	no
多功能罐	釜体设备	发射药	发射药/制备与加工/设备/釜体设备/多功能罐	4	concept	no	no	no	no
输送装置	设备	发射药	发射药/制备与加工/设备/输送装置	3	equipment	no	no	yes	no
喷射器	输送装置	发射药	发射药/制备与加工/设备/输送装置/喷射器	4	equipment	no	no	yes	no
气动失重式给料机	输送装置	发射药	发射药/制备与加工/设备/输送装置/气动失重式给料机	4	equipment	no	no	yes	no
真空输送机	输送装置	发射药	发射药/制备与加工/设备/输送装置/真空输送机	4	equipment	no	no	yes	no
自动计量设备	设备	发射药	发射药/制备与加工/设备/自动计量设备	3	equipment	no	no	yes	no
微波浓度仪	自动计量设备	发射药	发射药/制备与加工/设备/自动计量设备/微波浓度仪	4	equipment	no	no	yes	no
电磁流量计	自动计量设备	发射药	发射药/制备与加工/设备/自动计量设备/电磁流量计	4	concept	no	no	no	no
直管质量流量计	自动计量设备	发射药	发射药/制备与加工/设备/自动计量设备/直管质量流量计	4	concept	no	no	no	no
防静电电子皮带秤	自动计量设备	发射药	发射药/制备与加工/设备/自动计量设备/防静电电子皮带秤	4	equipment	no	no	yes	no
仪器仪表	设备	发射药	发射药/制备与加工/设备/仪器仪表	3	equipment	no	no	yes	no
数字显示屏	仪器仪表	发射药	发射药/制备与加工/设备/仪器仪表/数字显示屏	4	equipment	no	no	yes	no
PLC控制器	仪器仪表	发射药	发射药/制备与加工/设备/仪器仪表/PLC控制器	4	equipment	no	no	yes	no
温控器	仪器仪表	发射药	发射药/制备与加工/设备/仪器仪表/温控器	4	equipment	no	no	yes	no
通换风设备	设备	发射药	发射药/制备与加工/设备/通换风设备	3	equipment	no	no	yes	no
防爆风机	通换风设备	发射药	发射药/制备与加工/设备/通换风设备/防爆风机	4	equipment	no	no	yes	no
搬运设备	设备	发射药	发射药/制备与加工/设备/搬运设备	3	equipment	no	no	yes	no
传送带	搬运设备	发射药	发射药/制备与加工/设备/搬运设备/传送带	4	equipment	no	no	yes	no
驱溶设备	设备	发射药	发射药/制备与加工/设备/驱溶设备	3	equipment	no	no	yes	no
移动式预烘箱	驱溶设备	发射药	发射药/制备与加工/设备/驱溶设备/移动式预烘箱	4	concept	no	no	no	no
驱溶塔	驱溶设备	发射药	发射药/制备与加工/设备/驱溶设备/驱溶塔	4	equipment	no	no	yes	no
转筒预烘机	驱溶设备	发射药	发射药/制备与加工/设备/驱溶设备/转筒预烘机	4	equipment	no	no	yes	no
浸水池	驱溶设备	发射药	发射药/制备与加工/设备/驱溶设备/浸水池	4	concept	no	no	no	no
混同设备	设备	发射药	发射药/制备与加工/设备/混同设备	3	equipment	no	no	yes	no
圆斗式混同器	混同设备	发射药	发射药/制备与加工/设备/混同设备/圆斗式混同器	4	equipment	no	no	yes	no
重力式混同器	混同设备	发射药	发射药/制备与加工/设备/混同设备/重力式混同器	4	equipment	no	no	yes	no
第三联动混同器	混同设备	发射药	发射药/制备与加工/设备/混同设备/第三联动混同器	4	equipment	no	no	yes	no
带式混同器	混同设备	发射药	发射药/制备与加工/设备/混同设备/带式混同器	4	equipment	no	no	yes	no
回转型混同器	混同设备	发射药	发射药/制备与加工/设备/混同设备/回转型混同器	4	equipment	no	no	yes	no
钝感设备	设备	发射药	发射药/制备与加工/设备/钝感设备	3	equipment	no	no	yes	no
转筒钝感光泽机	钝感设备	发射药	发射药/制备与加工/设备/钝感设备/转筒钝感光泽机	4	equipment	no	no	yes	no
机械搅拌釜设备	钝感设备	发射药	发射药/制备与加工/设备/钝感设备/机械搅拌釜设备	4	equipment	no	no	yes	no
吸附设备	设备	发射药	发射药/制备与加工/设备/吸附设备	3	equipment	no	no	yes	no
立式吸附器	吸附设备	发射药	发射药/制备与加工/设备/吸附设备/立式吸附器	4	equipment	no	no	yes	no
卧式吸附器	吸附设备	发射药	发射药/制备与加工/设备/吸附设备/卧式吸附器	4	equipment	no	no	yes	no
应急响应与事故防控	制备与加工	发射药	发射药/制备与加工/应急响应与事故防控	2	safety_management	no	yes	no	no
典型事故类型	应急响应与事故防控	发射药	发射药/制备与加工/应急响应与事故防控/典型事故类型	3	safety_management	no	yes	no	no
爆炸	典型事故类型	发射药	发射药/制备与加工/应急响应与事故防控/典型事故类型/爆炸	4	concept	no	no	no	no
危险识别与评估方法	应急响应与事故防控	发射药	发射药/制备与加工/应急响应与事故防控/危险识别与评估方法	3	process_or_method	no	yes	no	no
危险因素	危险识别与评估方法	发射药	发射药/制备与加工/应急响应与事故防控/危险识别与评估方法/危险因素	4	safety_management	no	yes	no	no
温度	危险因素	发射药	发射药/制备与加工/应急响应与事故防控/危险识别与评估方法/危险因素/温度	5	property_metric	no	yes	no	no
粉尘	危险因素	发射药	发射药/制备与加工/应急响应与事故防控/危险识别与评估方法/危险因素/粉尘	5	concept	no	no	no	no
压力	危险因素	发射药	发射药/制备与加工/应急响应与事故防控/危险识别与评估方法/危险因素/压力	5	property_metric	no	yes	no	no
静电	危险因素	发射药	发射药/制备与加工/应急响应与事故防控/危险识别与评估方法/危险因素/静电	5	concept	no	no	no	no
评估方法	危险识别与评估方法	发射药	发射药/制备与加工/应急响应与事故防控/危险识别与评估方法/评估方法	4	process_or_method	no	yes	no	no
温度或火焰安全检测技术	评估方法	发射药	发射药/制备与加工/应急响应与事故防控/危险识别与评估方法/评估方法/温度或火焰安全检测技术	5	property_metric	no	yes	no	no
易燃易爆粉尘控制技术	评估方法	发射药	发射药/制备与加工/应急响应与事故防控/危险识别与评估方法/评估方法/易燃易爆粉尘控制技术	5	process_or_method	no	yes	no	no
泄爆控制技术	评估方法	发射药	发射药/制备与加工/应急响应与事故防控/危险识别与评估方法/评估方法/泄爆控制技术	5	process_or_method	no	yes	no	no
应急体系	应急响应与事故防控	发射药	发射药/制备与加工/应急响应与事故防控/应急体系	3	safety_management	no	yes	no	no
水雾易爆控制技术	应急体系	发射药	发射药/制备与加工/应急响应与事故防控/应急体系/水雾易爆控制技术	4	process_or_method	no	yes	no	no
先进雨淋灭火系统	应急体系	发射药	发射药/制备与加工/应急响应与事故防控/应急体系/先进雨淋灭火系统	4	equipment	no	no	yes	no
可移动式喷水灭火系统	应急体系	发射药	发射药/制备与加工/应急响应与事故防控/应急体系/可移动式喷水灭火系统	4	equipment	no	no	yes	no
冲击波抑制技术	应急体系	发射药	发射药/制备与加工/应急响应与事故防控/应急体系/冲击波抑制技术	4	process_or_method	no	yes	no	no
三废处理	制备与加工	发射药	发射药/制备与加工/三废处理	2	process_or_method	no	yes	no	no
废气	三废处理	发射药	发射药/制备与加工/三废处理/废气	3	concept	no	no	no	no
废液	三废处理	发射药	发射药/制备与加工/三废处理/废液	3	concept	no	no	no	no
分馏	废液	发射药	发射药/制备与加工/三废处理/废液/分馏	4	concept	no	no	no	no
精馏	废液	发射药	发射药/制备与加工/三废处理/废液/精馏	4	concept	no	no	no	no
废渣	三废处理	发射药	发射药/制备与加工/三废处理/废渣	3	concept	no	no	no	no
焚烧炉焚烧法	废渣	发射药	发射药/制备与加工/三废处理/废渣/焚烧炉焚烧法	4	equipment	no	no	yes	no
紫外线氧化破坏法	废渣	发射药	发射药/制备与加工/三废处理/废渣/紫外线氧化破坏法	4	concept	no	no	no	no
法规标准	制备与加工	发射药	发射药/制备与加工/法规标准	2	standard_or_requirement	no	yes	no	no
国内法规标准	法规标准	发射药	发射药/制备与加工/法规标准/国内法规标准	3	standard_or_requirement	no	yes	no	no
国际标准	法规标准	发射药	发射药/制备与加工/法规标准/国际标准	3	standard_or_requirement	no	yes	no	no
企业级标准	法规标准	发射药	发射药/制备与加工/法规标准/企业级标准	3	standard_or_requirement	no	yes	no	no
行业级标准	法规标准	发射药	发射药/制备与加工/法规标准/行业级标准	3	standard_or_requirement	no	yes	no	no
安全与监管	发射药	发射药	发射药/安全与监管	1	safety_management	yes	yes	no	no
识别与分类	安全与监管	发射药	发射药/安全与监管/识别与分类	2	concept	no	no	no	no
发射药标签与目录	识别与分类	发射药	发射药/安全与监管/识别与分类/发射药标签与目录	3	concept	no	no	no	no
危险性类别识别	识别与分类	发射药	发射药/安全与监管/识别与分类/危险性类别识别	3	safety_management	no	yes	no	no
分类编码与标识	识别与分类	发射药	发射药/安全与监管/识别与分类/分类编码与标识	3	concept	no	no	no	no
安全管理制度	安全与监管	发射药	发射药/安全与监管/安全管理制度	2	standard_or_requirement	no	yes	no	no
全生命周期安全管理	安全管理制度	发射药	发射药/安全与监管/安全管理制度/全生命周期安全管理	3	safety_management	no	yes	no	no
岗位责任与权限划分	安全管理制度	发射药	发射药/安全与监管/安全管理制度/岗位责任与权限划分	3	concept	no	no	no	no
动火作业制度	安全管理制度	发射药	发射药/安全与监管/安全管理制度/动火作业制度	3	standard_or_requirement	no	yes	no	no
有限空间/高处作业制度	安全管理制度	发射药	发射药/安全与监管/安全管理制度/有限空间/高处作业制度	3	standard_or_requirement	no	yes	no	no
安全技术保障	安全与监管	发射药	发射药/安全与监管/安全技术保障	2	process_or_method	no	yes	no	no
工艺安全管理	安全技术保障	发射药	发射药/安全与监管/安全技术保障/工艺安全管理	3	process_or_method	no	yes	no	no
设备安全管理	安全技术保障	发射药	发射药/安全与监管/安全技术保障/设备安全管理	3	equipment	no	no	yes	no
监测预警与连锁	安全技术保障	发射药	发射药/安全与监管/安全技术保障/监测预警与连锁	3	concept	no	no	no	no
特种作业人员管理	安全技术保障	发射药	发射药/安全与监管/安全技术保障/特种作业人员管理	3	concept	no	no	no	no
储运与仓储安全	安全与监管	发射药	发射药/安全与监管/储运与仓储安全	2	safety_management	no	yes	no	no
存储安全规范	储运与仓储安全	发射药	发射药/安全与监管/储运与仓储安全/存储安全规范	3	standard_or_requirement	no	yes	no	no
运输管理制度	储运与仓储安全	发射药	发射药/安全与监管/储运与仓储安全/运输管理制度	3	standard_or_requirement	no	yes	no	no
仓储场所设计	储运与仓储安全	发射药	发射药/安全与监管/储运与仓储安全/仓储场所设计	3	safety_management	no	yes	no	no
应急响应与事故处置	安全与监管	发射药	发射药/安全与监管/应急响应与事故处置	2	safety_management	no	yes	no	no
典型事故类型与机制	应急响应与事故处置	发射药	发射药/安全与监管/应急响应与事故处置/典型事故类型与机制	3	equipment	no	no	yes	no
应急预案编制	应急响应与事故处置	发射药	发射药/安全与监管/应急响应与事故处置/应急预案编制	3	safety_management	no	yes	no	no
应急救援体系	应急响应与事故处置	发射药	发射药/安全与监管/应急响应与事故处置/应急救援体系	3	safety_management	no	yes	no	no
事故调查与追责	应急响应与事故处置	发射药	发射药/安全与监管/应急响应与事故处置/事故调查与追责	3	safety_management	no	yes	no	no
法规政策与标准	安全与监管	发射药	发射药/安全与监管/法规政策与标准	2	standard_or_requirement	no	yes	no	no
国内法规标准	法规政策与标准	发射药	发射药/安全与监管/法规政策与标准/国内法规标准	3	standard_or_requirement	no	yes	no	no
国际法规与标准	法规政策与标准	发射药	发射药/安全与监管/法规政策与标准/国际法规与标准	3	standard_or_requirement	no	yes	no	no
企业/行业规章制度	法规政策与标准	发射药	发射药/安全与监管/法规政策与标准/企业/行业规章制度	3	standard_or_requirement	no	yes	no	no
性质性能	发射药	发射药	发射药/性质性能	1	concept	yes	no	no	no
基础理化性质	性质性能	发射药	发射药/性质性能/基础理化性质	2	concept	no	no	no	no
密度	基础理化性质	发射药	发射药/性质性能/基础理化性质/密度	3	property_metric	no	yes	no	no
热容量	基础理化性质	发射药	发射药/性质性能/基础理化性质/热容量	3	concept	no	no	no	no
热导率	基础理化性质	发射药	发射药/性质性能/基础理化性质/热导率	3	concept	no	no	no	no
吸湿性	基础理化性质	发射药	发射药/性质性能/基础理化性质/吸湿性	3	property_metric	no	yes	no	no
能量性能	性质性能	发射药	发射药/性质性能/能量性能	2	concept	no	no	no	no
爆热	能量性能	发射药	发射药/性质性能/能量性能/爆热	3	property_metric	no	yes	no	no
比容	能量性能	发射药	发射药/性质性能/能量性能/比容	3	concept	no	no	no	no
火药力和余容	能量性能	发射药	发射药/性质性能/能量性能/火药力和余容	3	concept	no	no	no	no
软件平台：REAL、TIGER、BLAKE、Thermo/COUPLE	能量性能	发射药	发射药/性质性能/能量性能/软件平台：REAL、TIGER、BLAKE、Thermo/COUPLE	3	application	no	yes	yes	no
试验测试规范：GJB 772A/B、GJB 770A/B	能量性能	发射药	发射药/性质性能/能量性能/试验测试规范：GJB 772A/B、GJB 770A/B	3	standard_or_requirement	no	yes	no	no
燃烧性能	性质性能	发射药	发射药/性质性能/燃烧性能	2	concept	no	no	no	no
燃速	燃烧性能	发射药	发射药/性质性能/燃烧性能/燃速	3	property_metric	no	yes	no	no
燃速压力指数	燃烧性能	发射药	发射药/性质性能/燃烧性能/燃速压力指数	3	property_metric	no	yes	no	no
燃速温度系数	燃烧性能	发射药	发射药/性质性能/燃烧性能/燃速温度系数	3	property_metric	no	yes	no	no
力学性能	性质性能	发射药	发射药/性质性能/力学性能	2	concept	no	no	no	no
弹性参数	力学性能	发射药	发射药/性质性能/力学性能/弹性参数	3	concept	no	no	no	no
塑性参数	力学性能	发射药	发射药/性质性能/力学性能/塑性参数	3	concept	no	no	no	no
动态力学试验	力学性能	发射药	发射药/性质性能/力学性能/动态力学试验	3	concept	no	no	no	no
安全性能	性质性能	发射药	发射药/性质性能/安全性能	2	safety_management	no	yes	no	no
热分解稳定性	安全性能	发射药	发射药/性质性能/安全性能/热分解稳定性	3	property_metric	no	yes	no	no
撞击感度	安全性能	发射药	发射药/性质性能/安全性能/撞击感度	3	property_metric	no	yes	no	no
摩擦感度	安全性能	发射药	发射药/性质性能/安全性能/摩擦感度	3	property_metric	no	yes	no	no
爆发点	安全性能	发射药	发射药/性质性能/安全性能/爆发点	3	property_metric	no	yes	no	no
试验测试规范	安全性能	发射药	发射药/性质性能/安全性能/试验测试规范	3	standard_or_requirement	no	yes	no	no
储运老化性能	性质性能	发射药	发射药/性质性能/储运老化性能	2	safety_management	no	yes	no	no
相容性	性质性能	发射药	发射药/性质性能/相容性	2	property_metric	no	yes	no	no
结构	发射药	发射药	发射药/结构	1	structure_term	no	yes	no	no
分子结构	结构	发射药	发射药/结构/分子结构	2	structure_term	no	yes	no	no
几何结构	分子结构	发射药	发射药/结构/分子结构/几何结构	3	structure_term	no	yes	no	no
链状结构	几何结构	发射药	发射药/结构/分子结构/几何结构/链状结构	4	structure_term	no	yes	no	no
环状结构	几何结构	发射药	发射药/结构/分子结构/几何结构/环状结构	4	structure_term	no	yes	no	no
电子结构	分子结构	发射药	发射药/结构/分子结构/电子结构	3	structure_term	no	yes	no	no
成键类型	电子结构	发射药	发射药/结构/分子结构/电子结构/成键类型	4	concept	no	no	no	no
电子云分布	电子结构	发射药	发射药/结构/分子结构/电子结构/电子云分布	4	concept	no	no	no	no
颗粒结构	结构	发射药	发射药/结构/颗粒结构	2	structure_term	no	yes	no	no
形貌	颗粒结构	发射药	发射药/结构/颗粒结构/形貌	3	structure_term	no	yes	no	no
球形	形貌	发射药	发射药/结构/颗粒结构/形貌/球形	4	concept	no	no	no	no
棒状	形貌	发射药	发射药/结构/颗粒结构/形貌/棒状	4	concept	no	no	no	no
d10/d50/d90粒径	颗粒结构	发射药	发射药/结构/颗粒结构/d10/d50/d90粒径	3	structure_term	no	yes	no	no
包覆厚度/孔隙率	颗粒结构	发射药	发射药/结构/颗粒结构/包覆厚度/孔隙率	3	structure_term	no	yes	no	no
晶体结构	结构	发射药	发射药/结构/晶体结构	2	structure_term	no	yes	no	no
堆积结构	晶体结构	发射药	发射药/结构/晶体结构/堆积结构	3	structure_term	no	yes	no	no
六方最密堆积	堆积结构	发射药	发射药/结构/晶体结构/堆积结构/六方最密堆积	4	concept	no	no	no	no
面心立方最密堆积	堆积结构	发射药	发射药/结构/晶体结构/堆积结构/面心立方最密堆积	4	concept	no	no	no	no
体心立方堆积	堆积结构	发射药	发射药/结构/晶体结构/堆积结构/体心立方堆积	4	concept	no	no	no	no
晶体形态	晶体结构	发射药	发射药/结构/晶体结构/晶体形态	3	structure_term	no	yes	no	no
针状	晶体形态	发射药	发射药/结构/晶体结构/晶体形态/针状	4	concept	no	no	no	no
片状	晶体形态	发射药	发射药/结构/晶体结构/晶体形态/片状	4	concept	no	no	no	no
块状	晶体形态	发射药	发射药/结构/晶体结构/晶体形态/块状	4	concept	no	no	no	no
晶体缺陷	晶体结构	发射药	发射药/结构/晶体结构/晶体缺陷	3	structure_term	no	yes	no	no
点缺陷	晶体缺陷	发射药	发射药/结构/晶体结构/晶体缺陷/点缺陷	4	concept	no	no	no	no
线缺陷	晶体缺陷	发射药	发射药/结构/晶体结构/晶体缺陷/线缺陷	4	concept	no	no	no	no
面缺陷	晶体缺陷	发射药	发射药/结构/晶体结构/晶体缺陷/面缺陷	4	concept	no	no	no	no
界面结构	结构	发射药	发射药/结构/界面结构	2	structure_term	no	yes	no	no
混合炸药		HHZY.xmind	混合炸药	0	concept	yes	no	no	no
混合炸药类别	混合炸药	HHZY.xmind	混合炸药/混合炸药类别	1	concept	yes	no	no	no
按用户分类	混合炸药类别	HHZY.xmind	混合炸药/混合炸药类别/按用户分类	2	concept	no	no	no	no
军用混合炸药	按用户分类	HHZY.xmind	混合炸药/混合炸药类别/按用户分类/军用混合炸药	3	concept	no	no	no	no
民用混合炸药	按用户分类	HHZY.xmind	混合炸药/混合炸药类别/按用户分类/民用混合炸药	3	application	no	yes	yes	no
按状态分类	混合炸药类别	HHZY.xmind	混合炸药/混合炸药类别/按状态分类	2	concept	no	no	no	no
固体混合炸药	按状态分类	HHZY.xmind	混合炸药/混合炸药类别/按状态分类/固体混合炸药	3	concept	no	no	no	no
液体混合炸药	按状态分类	HHZY.xmind	混合炸药/混合炸药类别/按状态分类/液体混合炸药	3	concept	no	no	no	no
气体爆炸混合物	按状态分类	HHZY.xmind	混合炸药/混合炸药类别/按状态分类/气体爆炸混合物	3	concept	no	no	no	no
按组成分类	混合炸药类别	HHZY.xmind	混合炸药/混合炸药类别/按组成分类	2	concept	no	no	no	no
炸药与添加剂混合	按组成分类	HHZY.xmind	混合炸药/混合炸药类别/按组成分类/炸药与添加剂混合	3	concept	no	no	no	no
氧化剂与可燃剂混合	按组成分类	HHZY.xmind	混合炸药/混合炸药类别/按组成分类/氧化剂与可燃剂混合	3	concept	no	no	no	no
按性能特点分类	混合炸药类别	HHZY.xmind	混合炸药/混合炸药类别/按性能特点分类	2	concept	no	no	no	no
高爆速混合炸药	按性能特点分类	HHZY.xmind	混合炸药/混合炸药类别/按性能特点分类/高爆速混合炸药	3	property_metric	no	yes	no	no
高威力混合炸药	按性能特点分类	HHZY.xmind	混合炸药/混合炸药类别/按性能特点分类/高威力混合炸药	3	concept	no	no	no	no
高强度混合炸药	按性能特点分类	HHZY.xmind	混合炸药/混合炸药类别/按性能特点分类/高强度混合炸药	3	property_metric	no	yes	no	no
耐热型混合炸药	按性能特点分类	HHZY.xmind	混合炸药/混合炸药类别/按性能特点分类/耐热型混合炸药	3	concept	no	no	no	no
不敏感混合炸药	按性能特点分类	HHZY.xmind	混合炸药/混合炸药类别/按性能特点分类/不敏感混合炸药	3	concept	no	no	no	no
低易损性混合炸药	按性能特点分类	HHZY.xmind	混合炸药/混合炸药类别/按性能特点分类/低易损性混合炸药	3	concept	no	no	no	no
按装药方法分类	混合炸药类别	HHZY.xmind	混合炸药/混合炸药类别/按装药方法分类	2	process_or_method	no	yes	no	no
压装型混合炸药	按装药方法分类	HHZY.xmind	混合炸药/混合炸药类别/按装药方法分类/压装型混合炸药	3	concept	no	no	no	no
熔铸型混合炸药	按装药方法分类	HHZY.xmind	混合炸药/混合炸药类别/按装药方法分类/熔铸型混合炸药	3	concept	no	no	no	no
浇铸固化型混合炸药	按装药方法分类	HHZY.xmind	混合炸药/混合炸药类别/按装药方法分类/浇铸固化型混合炸药	3	concept	no	no	no	no
塑态挤注型混合炸药	按装药方法分类	HHZY.xmind	混合炸药/混合炸药类别/按装药方法分类/塑态挤注型混合炸药	3	concept	no	no	no	no
结构	混合炸药	HHZY.xmind	混合炸药/结构	1	structure_term	no	yes	no	no
分子尺度结构	结构	HHZY.xmind	混合炸药/结构/分子尺度结构	2	structure_term	no	yes	no	no
含能分子结构	分子尺度结构	HHZY.xmind	混合炸药/结构/分子尺度结构/含能分子结构	3	structure_term	no	yes	no	no
粘结剂高分子结构	分子尺度结构	HHZY.xmind	混合炸药/结构/分子尺度结构/粘结剂高分子结构	3	structure_term	no	yes	no	no
其它有机小分子结构	分子尺度结构	HHZY.xmind	混合炸药/结构/分子尺度结构/其它有机小分子结构	3	equipment	no	no	yes	no
晶体尺度结构	结构	HHZY.xmind	混合炸药/结构/晶体尺度结构	2	structure_term	no	yes	no	no
单晶结构	晶体尺度结构	HHZY.xmind	混合炸药/结构/晶体尺度结构/单晶结构	3	structure_term	no	yes	no	no
多晶结构	晶体尺度结构	HHZY.xmind	混合炸药/结构/晶体尺度结构/多晶结构	3	structure_term	no	yes	no	no
炸药颗粒结构	结构	HHZY.xmind	混合炸药/结构/炸药颗粒结构	2	structure_term	no	yes	no	no
颗粒形状	炸药颗粒结构	HHZY.xmind	混合炸药/结构/炸药颗粒结构/颗粒形状	3	structure_term	no	yes	no	no
粒径分布	炸药颗粒结构	HHZY.xmind	混合炸药/结构/炸药颗粒结构/粒径分布	3	structure_term	no	yes	no	no
粒度	炸药颗粒结构	HHZY.xmind	混合炸药/结构/炸药颗粒结构/粒度	3	concept	no	no	no	no
粗糙度	炸药颗粒结构	HHZY.xmind	混合炸药/结构/炸药颗粒结构/粗糙度	3	concept	no	no	no	no
颗粒形貌	炸药颗粒结构	HHZY.xmind	混合炸药/结构/炸药颗粒结构/颗粒形貌	3	structure_term	no	yes	no	no
复合物结构	结构	HHZY.xmind	混合炸药/结构/复合物结构	2	structure_term	no	yes	no	no
表面结构	复合物结构	HHZY.xmind	混合炸药/结构/复合物结构/表面结构	3	structure_term	no	yes	no	no
界面结构	复合物结构	HHZY.xmind	混合炸药/结构/复合物结构/界面结构	3	structure_term	no	yes	no	no
组分相互作用	复合物结构	HHZY.xmind	混合炸药/结构/复合物结构/组分相互作用	3	concept	no	no	no	no
复合颗粒分布	复合物结构	HHZY.xmind	混合炸药/结构/复合物结构/复合颗粒分布	3	structure_term	no	yes	no	no
包覆密度	复合物结构	HHZY.xmind	混合炸药/结构/复合物结构/包覆密度	3	property_metric	no	yes	no	no
空隙率	复合物结构	HHZY.xmind	混合炸药/结构/复合物结构/空隙率	3	concept	no	no	no	no
造型粉结构	复合物结构	HHZY.xmind	混合炸药/结构/复合物结构/造型粉结构	3	structure_term	no	yes	no	no
药柱结构	复合物结构	HHZY.xmind	混合炸药/结构/复合物结构/药柱结构	3	structure_term	no	yes	no	no
相关学科关联	结构	HHZY.xmind	混合炸药/结构/相关学科关联	2	concept	no	no	no	no
组成	混合炸药	HHZY.xmind	混合炸药/组成	1	concept	yes	no	no	no
含能组分	组成	HHZY.xmind	混合炸药/组成/含能组分	2	concept	no	no	no	no
炸药颗粒	含能组分	HHZY.xmind	混合炸药/组成/含能组分/炸药颗粒	3	structure_term	no	yes	no	no
铝粉	含能组分	HHZY.xmind	混合炸药/组成/含能组分/铝粉	3	material_or_component	no	no	yes	yes
添加组分	组成	HHZY.xmind	混合炸药/组成/添加组分	2	concept	no	no	no	no
粘结剂	添加组分	HHZY.xmind	混合炸药/组成/添加组分/粘结剂	3	concept	no	no	no	no
增塑剂	添加组分	HHZY.xmind	混合炸药/组成/添加组分/增塑剂	3	concept	no	no	no	no
钝感剂	添加组分	HHZY.xmind	混合炸药/组成/添加组分/钝感剂	3	concept	no	no	no	no
其它组分	添加组分	HHZY.xmind	混合炸药/组成/添加组分/其它组分	3	concept	no	no	no	no
相关学科关联	组成	HHZY.xmind	混合炸药/组成/相关学科关联	2	concept	no	no	no	no
混合炸药性能	混合炸药	HHZY.xmind	混合炸药/混合炸药性能	1	concept	yes	no	no	no
基础物化性质	混合炸药性能	HHZY.xmind	混合炸药/混合炸药性能/基础物化性质	2	concept	no	no	no	no
密度	基础物化性质	HHZY.xmind	混合炸药/混合炸药性能/基础物化性质/密度	3	property_metric	no	yes	no	no
比重	基础物化性质	HHZY.xmind	混合炸药/混合炸药性能/基础物化性质/比重	3	concept	no	no	no	no
样品状态	基础物化性质	HHZY.xmind	混合炸药/混合炸药性能/基础物化性质/样品状态	3	concept	no	no	no	no
电导率	基础物化性质	HHZY.xmind	混合炸药/混合炸药性能/基础物化性质/电导率	3	concept	no	no	no	no
粘度	基础物化性质	HHZY.xmind	混合炸药/混合炸药性能/基础物化性质/粘度	3	property_metric	no	yes	no	no
溶解性	基础物化性质	HHZY.xmind	混合炸药/混合炸药性能/基础物化性质/溶解性	3	property_metric	no	yes	no	no
吸湿性	基础物化性质	HHZY.xmind	混合炸药/混合炸药性能/基础物化性质/吸湿性	3	property_metric	no	yes	no	no
毒性	基础物化性质	HHZY.xmind	混合炸药/混合炸药性能/基础物化性质/毒性	3	concept	no	no	no	no
热学性质	混合炸药性能	HHZY.xmind	混合炸药/混合炸药性能/热学性质	2	concept	no	no	no	no
比热容	热学性质	HHZY.xmind	混合炸药/混合炸药性能/热学性质/比热容	3	property_metric	no	yes	no	no
导热系数	热学性质	HHZY.xmind	混合炸药/混合炸药性能/热学性质/导热系数	3	property_metric	no	yes	no	no
热膨胀系数	热学性质	HHZY.xmind	混合炸药/混合炸药性能/热学性质/热膨胀系数	3	property_metric	no	yes	no	no
熔点	热学性质	HHZY.xmind	混合炸药/混合炸药性能/热学性质/熔点	3	property_metric	no	yes	no	no
热分解温度	热学性质	HHZY.xmind	混合炸药/混合炸药性能/热学性质/热分解温度	3	property_metric	no	yes	no	no
生成焓	热学性质	HHZY.xmind	混合炸药/混合炸药性能/热学性质/生成焓	3	concept	no	no	no	no
燃烧焓	热学性质	HHZY.xmind	混合炸药/混合炸药性能/热学性质/燃烧焓	3	concept	no	no	no	no
相容性	混合炸药性能	HHZY.xmind	混合炸药/混合炸药性能/相容性	2	property_metric	no	yes	no	no
爆轰性能	混合炸药性能	HHZY.xmind	混合炸药/混合炸药性能/爆轰性能	2	concept	no	no	no	no
爆速	爆轰性能	HHZY.xmind	混合炸药/混合炸药性能/爆轰性能/爆速	3	property_metric	no	yes	no	no
爆压	爆轰性能	HHZY.xmind	混合炸药/混合炸药性能/爆轰性能/爆压	3	property_metric	no	yes	no	no
爆热	爆轰性能	HHZY.xmind	混合炸药/混合炸药性能/爆轰性能/爆热	3	property_metric	no	yes	no	no
爆温	爆轰性能	HHZY.xmind	混合炸药/混合炸药性能/爆轰性能/爆温	3	property_metric	no	yes	no	no
爆容	爆轰性能	HHZY.xmind	混合炸药/混合炸药性能/爆轰性能/爆容	3	concept	no	no	no	no
爆炸威力	爆轰性能	HHZY.xmind	混合炸药/混合炸药性能/爆轰性能/爆炸威力	3	concept	no	no	no	no
猛度	爆轰性能	HHZY.xmind	混合炸药/混合炸药性能/爆轰性能/猛度	3	concept	no	no	no	no
金属加速能力	爆轰性能	HHZY.xmind	混合炸药/混合炸药性能/爆轰性能/金属加速能力	3	concept	no	no	no	no
安全性	混合炸药性能	HHZY.xmind	混合炸药/混合炸药性能/安全性	2	safety_management	no	yes	no	no
热感度	安全性	HHZY.xmind	混合炸药/混合炸药性能/安全性/热感度	3	property_metric	no	yes	no	no
撞击感度	安全性	HHZY.xmind	混合炸药/混合炸药性能/安全性/撞击感度	3	property_metric	no	yes	no	no
摩擦感度	安全性	HHZY.xmind	混合炸药/混合炸药性能/安全性/摩擦感度	3	property_metric	no	yes	no	no
静电火花感度	安全性	HHZY.xmind	混合炸药/混合炸药性能/安全性/静电火花感度	3	property_metric	no	yes	no	no
冲击波感度	安全性	HHZY.xmind	混合炸药/混合炸药性能/安全性/冲击波感度	3	property_metric	no	yes	no	no
临界条件	安全性	HHZY.xmind	混合炸药/混合炸药性能/安全性/临界条件	3	concept	no	no	no	no
反应区宽度	安全性	HHZY.xmind	混合炸药/混合炸药性能/安全性/反应区宽度	3	process_or_method	no	yes	no	no
力学性能	混合炸药性能	HHZY.xmind	混合炸药/混合炸药性能/力学性能	2	concept	no	no	no	no
弹性参数	力学性能	HHZY.xmind	混合炸药/混合炸药性能/力学性能/弹性参数	3	concept	no	no	no	no
塑性参数	力学性能	HHZY.xmind	混合炸药/混合炸药性能/力学性能/塑性参数	3	concept	no	no	no	no
动态力学参数	力学性能	HHZY.xmind	混合炸药/混合炸药性能/力学性能/动态力学参数	3	concept	no	no	no	no
储运性能	混合炸药性能	HHZY.xmind	混合炸药/混合炸药性能/储运性能	2	safety_management	no	yes	no	no
储运稳定性	储运性能	HHZY.xmind	混合炸药/混合炸药性能/储运性能/储运稳定性	3	property_metric	no	yes	no	no
贮存寿命	储运性能	HHZY.xmind	混合炸药/混合炸药性能/储运性能/贮存寿命	3	concept	no	no	no	no
性能预测模型	混合炸药性能	HHZY.xmind	混合炸药/混合炸药性能/性能预测模型	2	concept	no	no	no	no
数学模型	性能预测模型	HHZY.xmind	混合炸药/混合炸药性能/性能预测模型/数学模型	3	concept	no	no	no	no
经验性模型	性能预测模型	HHZY.xmind	混合炸药/混合炸药性能/性能预测模型/经验性模型	3	concept	no	no	no	no
分子动力学模型	性能预测模型	HHZY.xmind	混合炸药/混合炸药性能/性能预测模型/分子动力学模型	3	structure_term	no	yes	no	no
粗粒化模型	性能预测模型	HHZY.xmind	混合炸药/混合炸药性能/性能预测模型/粗粒化模型	3	concept	no	no	no	no
相场模型	性能预测模型	HHZY.xmind	混合炸药/混合炸药性能/性能预测模型/相场模型	3	concept	no	no	no	no
有限元模型	性能预测模型	HHZY.xmind	混合炸药/混合炸药性能/性能预测模型/有限元模型	3	concept	no	no	no	no
相关学科关联	混合炸药性能	HHZY.xmind	混合炸药/混合炸药性能/相关学科关联	2	concept	no	no	no	no
混合炸药性能匹配设计方法	混合炸药	HHZY.xmind	混合炸药/混合炸药性能匹配设计方法	1	process_or_method	no	yes	no	no
性能参数理论计算	混合炸药性能匹配设计方法	HHZY.xmind	混合炸药/混合炸药性能匹配设计方法/性能参数理论计算	2	concept	no	no	no	no
热化学参数计算	性能参数理论计算	HHZY.xmind	混合炸药/混合炸药性能匹配设计方法/性能参数理论计算/热化学参数计算	3	concept	no	no	no	no
爆轰参数理论计算	性能参数理论计算	HHZY.xmind	混合炸药/混合炸药性能匹配设计方法/性能参数理论计算/爆轰参数理论计算	3	concept	no	no	no	no
感度参数理论计算	性能参数理论计算	HHZY.xmind	混合炸药/混合炸药性能匹配设计方法/性能参数理论计算/感度参数理论计算	3	property_metric	no	yes	no	no
组分设计数学模型	混合炸药性能匹配设计方法	HHZY.xmind	混合炸药/混合炸药性能匹配设计方法/组分设计数学模型	2	concept	no	no	no	no
零氧平衡原则	组分设计数学模型	HHZY.xmind	混合炸药/混合炸药性能匹配设计方法/组分设计数学模型/零氧平衡原则	3	concept	no	no	no	no
最大放热原则	组分设计数学模型	HHZY.xmind	混合炸药/混合炸药性能匹配设计方法/组分设计数学模型/最大放热原则	3	concept	no	no	no	no
线性规划求解	组分设计数学模型	HHZY.xmind	混合炸药/混合炸药性能匹配设计方法/组分设计数学模型/线性规划求解	3	concept	no	no	no	no
分子动力学模拟	混合炸药性能匹配设计方法	HHZY.xmind	混合炸药/混合炸药性能匹配设计方法/分子动力学模拟	2	structure_term	no	yes	no	no
分子间相互作用	分子动力学模拟	HHZY.xmind	混合炸药/混合炸药性能匹配设计方法/分子动力学模拟/分子间相互作用	3	structure_term	no	yes	no	no
结构-性能关系	分子动力学模拟	HHZY.xmind	混合炸药/混合炸药性能匹配设计方法/分子动力学模拟/结构-性能关系	3	structure_term	no	yes	no	no
实验测试优化	混合炸药性能匹配设计方法	HHZY.xmind	混合炸药/混合炸药性能匹配设计方法/实验测试优化	2	concept	no	no	no	no
爆炸性能测试	实验测试优化	HHZY.xmind	混合炸药/混合炸药性能匹配设计方法/实验测试优化/爆炸性能测试	3	concept	no	no	no	no
安定性相容性测试	实验测试优化	HHZY.xmind	混合炸药/混合炸药性能匹配设计方法/实验测试优化/安定性相容性测试	3	property_metric	no	yes	no	no
力学性能测试	实验测试优化	HHZY.xmind	混合炸药/混合炸药性能匹配设计方法/实验测试优化/力学性能测试	3	concept	no	no	no	no
环境适应性测试	实验测试优化	HHZY.xmind	混合炸药/混合炸药性能匹配设计方法/实验测试优化/环境适应性测试	3	concept	no	no	no	no
其它实验测试	实验测试优化	HHZY.xmind	混合炸药/混合炸药性能匹配设计方法/实验测试优化/其它实验测试	3	concept	no	no	no	no
新策略	混合炸药性能匹配设计方法	HHZY.xmind	混合炸药/混合炸药性能匹配设计方法/新策略	2	concept	no	no	no	no
材料信息学	新策略	HHZY.xmind	混合炸药/混合炸药性能匹配设计方法/新策略/材料信息学	3	concept	no	no	no	no
材料基因组	新策略	HHZY.xmind	混合炸药/混合炸药性能匹配设计方法/新策略/材料基因组	3	concept	no	no	no	no
人工智能	新策略	HHZY.xmind	混合炸药/混合炸药性能匹配设计方法/新策略/人工智能	3	concept	no	no	no	no
应用场景	混合炸药	HHZY.xmind	混合炸药/应用场景	1	application	no	yes	yes	no
军事应用	应用场景	HHZY.xmind	混合炸药/应用场景/军事应用	2	application	no	yes	yes	no
弹药装填	军事应用	HHZY.xmind	混合炸药/应用场景/军事应用/弹药装填	3	application	no	yes	yes	no
导弹战斗部	军事应用	HHZY.xmind	混合炸药/应用场景/军事应用/导弹战斗部	3	application	no	yes	yes	no
军事爆破	军事应用	HHZY.xmind	混合炸药/应用场景/军事应用/军事爆破	3	application	no	yes	yes	no
航空航天应用	应用场景	HHZY.xmind	混合炸药/应用场景/航空航天应用	2	application	no	yes	yes	no
爆破作业	航空航天应用	HHZY.xmind	混合炸药/应用场景/航空航天应用/爆破作业	3	application	no	yes	yes	no
民用工业应用	应用场景	HHZY.xmind	混合炸药/应用场景/民用工业应用	2	application	no	yes	yes	no
工程爆破	民用工业应用	HHZY.xmind	混合炸药/应用场景/民用工业应用/工程爆破	3	application	no	yes	yes	no
聚能切割	民用工业应用	HHZY.xmind	混合炸药/应用场景/民用工业应用/聚能切割	3	concept	no	no	no	no
地质勘探	民用工业应用	HHZY.xmind	混合炸药/应用场景/民用工业应用/地质勘探	3	concept	no	no	no	no
安全监管	混合炸药	HHZY.xmind	混合炸药/安全监管	1	safety_management	yes	yes	no	no
生产环节监管	安全监管	HHZY.xmind	混合炸药/安全监管/生产环节监管	2	safety_management	no	yes	no	no
生产工艺流程控制	生产环节监管	HHZY.xmind	混合炸药/安全监管/生产环节监管/生产工艺流程控制	3	process_or_method	no	yes	no	no
安全生产管理体系	生产环节监管	HHZY.xmind	混合炸药/安全监管/生产环节监管/安全生产管理体系	3	safety_management	no	yes	no	no
生产流程安全性	生产环节监管	HHZY.xmind	混合炸药/安全监管/生产环节监管/生产流程安全性	3	process_or_method	no	yes	no	no
三废处置	生产环节监管	HHZY.xmind	混合炸药/安全监管/生产环节监管/三废处置	3	concept	no	no	no	no
运输环节监管	安全监管	HHZY.xmind	混合炸药/安全监管/运输环节监管	2	safety_management	no	yes	no	no
运输车辆检查	运输环节监管	HHZY.xmind	混合炸药/安全监管/运输环节监管/运输车辆检查	3	concept	no	no	no	no
运输规范	运输环节监管	HHZY.xmind	混合炸药/安全监管/运输环节监管/运输规范	3	standard_or_requirement	no	yes	no	no
储存环节监管	安全监管	HHZY.xmind	混合炸药/安全监管/储存环节监管	2	safety_management	no	yes	no	no
储存条件保障	储存环节监管	HHZY.xmind	混合炸药/安全监管/储存环节监管/储存条件保障	3	concept	no	no	no	no
库存管理	储存环节监管	HHZY.xmind	混合炸药/安全监管/储存环节监管/库存管理	3	concept	no	no	no	no
使用环节监管	安全监管	HHZY.xmind	混合炸药/安全监管/使用环节监管	2	safety_management	no	yes	no	no
操作规范	使用环节监管	HHZY.xmind	混合炸药/安全监管/使用环节监管/操作规范	3	standard_or_requirement	no	yes	no	no
危险源辨识	使用环节监管	HHZY.xmind	混合炸药/安全监管/使用环节监管/危险源辨识	3	safety_management	no	yes	no	no
现场安全管理	使用环节监管	HHZY.xmind	混合炸药/安全监管/使用环节监管/现场安全管理	3	safety_management	no	yes	no	no
培训检查演练	安全监管	HHZY.xmind	混合炸药/安全监管/培训检查演练	2	concept	no	no	no	no
安全教育培训	培训检查演练	HHZY.xmind	混合炸药/安全监管/培训检查演练/安全教育培训	3	safety_management	no	yes	no	no
安全检查	培训检查演练	HHZY.xmind	混合炸药/安全监管/培训检查演练/安全检查	3	safety_management	no	yes	no	no
隐患排查治理	培训检查演练	HHZY.xmind	混合炸药/安全监管/培训检查演练/隐患排查治理	3	concept	no	no	no	no
应急预案与演练	培训检查演练	HHZY.xmind	混合炸药/安全监管/培训检查演练/应急预案与演练	3	safety_management	no	yes	no	no
安全监管法规	安全监管	HHZY.xmind	混合炸药/安全监管/安全监管法规	2	standard_or_requirement	no	yes	no	no
生产许可和监管	安全监管法规	HHZY.xmind	混合炸药/安全监管/安全监管法规/生产许可和监管	3	safety_management	no	yes	no	no
工艺设备安全要求	安全监管法规	HHZY.xmind	混合炸药/安全监管/安全监管法规/工艺设备安全要求	3	process_or_method	no	yes	no	no
安全责任体系	安全监管法规	HHZY.xmind	混合炸药/安全监管/安全监管法规/安全责任体系	3	safety_management	no	yes	no	no
制备加工	混合炸药	HHZY.xmind	混合炸药/制备加工	1	process_or_method	no	yes	no	no
成型加工工艺	制备加工	HHZY.xmind	混合炸药/制备加工/成型加工工艺	2	process_or_method	no	yes	no	no
熔铸成型加工工艺	成型加工工艺	HHZY.xmind	混合炸药/制备加工/成型加工工艺/熔铸成型加工工艺	3	process_or_method	no	yes	no	no
熔铸载体加热熔化工艺	熔铸成型加工工艺	HHZY.xmind	混合炸药/制备加工/成型加工工艺/熔铸成型加工工艺/熔铸载体加热熔化工艺	4	process_or_method	no	yes	no	no
炸药颗粒悬浮液混合工艺	熔铸成型加工工艺	HHZY.xmind	混合炸药/制备加工/成型加工工艺/熔铸成型加工工艺/炸药颗粒悬浮液混合工艺	4	process_or_method	no	yes	no	no
炸药悬浮熔体浇铸工艺	熔铸成型加工工艺	HHZY.xmind	混合炸药/制备加工/成型加工工艺/熔铸成型加工工艺/炸药悬浮熔体浇铸工艺	4	process_or_method	no	yes	no	no
熔体冷却凝固成型工艺	熔铸成型加工工艺	HHZY.xmind	混合炸药/制备加工/成型加工工艺/熔铸成型加工工艺/熔体冷却凝固成型工艺	4	process_or_method	no	yes	no	no
压制成型加工工艺	成型加工工艺	HHZY.xmind	混合炸药/制备加工/成型加工工艺/压制成型加工工艺	3	process_or_method	no	yes	no	no
炸药造型粉制造工艺	压制成型加工工艺	HHZY.xmind	混合炸药/制备加工/成型加工工艺/压制成型加工工艺/炸药造型粉制造工艺	4	process_or_method	no	yes	no	no
模压成型工艺	压制成型加工工艺	HHZY.xmind	混合炸药/制备加工/成型加工工艺/压制成型加工工艺/模压成型工艺	4	process_or_method	no	yes	no	no
等静压技术	压制成型加工工艺	HHZY.xmind	混合炸药/制备加工/成型加工工艺/压制成型加工工艺/等静压技术	4	process_or_method	no	yes	no	no
固化反应型成型加工工艺	成型加工工艺	HHZY.xmind	混合炸药/制备加工/成型加工工艺/固化反应型成型加工工艺	3	process_or_method	no	yes	no	no
真空振动浇铸法	固化反应型成型加工工艺	HHZY.xmind	混合炸药/制备加工/成型加工工艺/固化反应型成型加工工艺/真空振动浇铸法	4	concept	no	no	no	no
压力成型法	固化反应型成型加工工艺	HHZY.xmind	混合炸药/制备加工/成型加工工艺/固化反应型成型加工工艺/压力成型法	4	property_metric	no	yes	no	no
浇铸-胶化法	固化反应型成型加工工艺	HHZY.xmind	混合炸药/制备加工/成型加工工艺/固化反应型成型加工工艺/浇铸-胶化法	4	concept	no	no	no	no
混合-机械成型法	固化反应型成型加工工艺	HHZY.xmind	混合炸药/制备加工/成型加工工艺/固化反应型成型加工工艺/混合-机械成型法	4	process_or_method	no	yes	no	no
车削加工切割工艺	成型加工工艺	HHZY.xmind	混合炸药/制备加工/成型加工工艺/车削加工切割工艺	3	process_or_method	no	yes	no	no
车削加工	车削加工切割工艺	HHZY.xmind	混合炸药/制备加工/成型加工工艺/车削加工切割工艺/车削加工	4	process_or_method	no	yes	no	no
水射流切割技术	车削加工切割工艺	HHZY.xmind	混合炸药/制备加工/成型加工工艺/车削加工切割工艺/水射流切割技术	4	process_or_method	no	yes	no	no
激光切割技术	车削加工切割工艺	HHZY.xmind	混合炸药/制备加工/成型加工工艺/车削加工切割工艺/激光切割技术	4	process_or_method	no	yes	no	no
特殊压装装药成型加工工艺	成型加工工艺	HHZY.xmind	混合炸药/制备加工/成型加工工艺/特殊压装装药成型加工工艺	3	process_or_method	no	yes	no	no
分次压装装药工艺	特殊压装装药成型加工工艺	HHZY.xmind	混合炸药/制备加工/成型加工工艺/特殊压装装药成型加工工艺/分次压装装药工艺	4	process_or_method	no	yes	no	no
螺旋装药成型工艺	特殊压装装药成型加工工艺	HHZY.xmind	混合炸药/制备加工/成型加工工艺/特殊压装装药成型加工工艺/螺旋装药成型工艺	4	process_or_method	no	yes	no	no
分步压装装药成型工艺	特殊压装装药成型加工工艺	HHZY.xmind	混合炸药/制备加工/成型加工工艺/特殊压装装药成型加工工艺/分步压装装药成型工艺	4	process_or_method	no	yes	no	no
增材制造技术	成型加工工艺	HHZY.xmind	混合炸药/制备加工/成型加工工艺/增材制造技术	3	process_or_method	no	yes	no	no
3D 打印	增材制造技术	HHZY.xmind	混合炸药/制备加工/成型加工工艺/增材制造技术/3D 打印	4	concept	no	no	no	no
其它技术	增材制造技术	HHZY.xmind	混合炸药/制备加工/成型加工工艺/增材制造技术/其它技术	4	process_or_method	no	yes	no	no
工艺设计	制备加工	HHZY.xmind	混合炸药/制备加工/工艺设计	2	process_or_method	no	yes	no	no
熔铸工艺设计	工艺设计	HHZY.xmind	混合炸药/制备加工/工艺设计/熔铸工艺设计	3	process_or_method	no	yes	no	no
复合工艺设计	工艺设计	HHZY.xmind	混合炸药/制备加工/工艺设计/复合工艺设计	3	process_or_method	no	yes	no	no
造粒工艺设计	工艺设计	HHZY.xmind	混合炸药/制备加工/工艺设计/造粒工艺设计	3	process_or_method	no	yes	no	no
压制工艺设计	工艺设计	HHZY.xmind	混合炸药/制备加工/工艺设计/压制工艺设计	3	process_or_method	no	yes	no	no
机加工艺设计	工艺设计	HHZY.xmind	混合炸药/制备加工/工艺设计/机加工艺设计	3	process_or_method	no	yes	no	no
质量控制	制备加工	HHZY.xmind	混合炸药/制备加工/质量控制	2	concept	no	no	no	no
熔铸质量控制	质量控制	HHZY.xmind	混合炸药/制备加工/质量控制/熔铸质量控制	3	concept	no	no	no	no
复合质量控制	质量控制	HHZY.xmind	混合炸药/制备加工/质量控制/复合质量控制	3	concept	no	no	no	no
造粒质量控制	质量控制	HHZY.xmind	混合炸药/制备加工/质量控制/造粒质量控制	3	concept	no	no	no	no
压制质量控制	质量控制	HHZY.xmind	混合炸药/制备加工/质量控制/压制质量控制	3	concept	no	no	no	no
机加质量控制	质量控制	HHZY.xmind	混合炸药/制备加工/质量控制/机加质量控制	3	equipment	no	no	yes	no
工艺参数控制	制备加工	HHZY.xmind	混合炸药/制备加工/工艺参数控制	2	process_or_method	no	yes	no	no
熔铸工艺参数	工艺参数控制	HHZY.xmind	混合炸药/制备加工/工艺参数控制/熔铸工艺参数	3	process_or_method	no	yes	no	no
复合工艺参数	工艺参数控制	HHZY.xmind	混合炸药/制备加工/工艺参数控制/复合工艺参数	3	process_or_method	no	yes	no	no
造粒工艺参数	工艺参数控制	HHZY.xmind	混合炸药/制备加工/工艺参数控制/造粒工艺参数	3	process_or_method	no	yes	no	no
压制工艺参数	工艺参数控制	HHZY.xmind	混合炸药/制备加工/工艺参数控制/压制工艺参数	3	process_or_method	no	yes	no	no
机加工艺参数	工艺参数控制	HHZY.xmind	混合炸药/制备加工/工艺参数控制/机加工艺参数	3	process_or_method	no	yes	no	no
安全防护	制备加工	HHZY.xmind	混合炸药/制备加工/安全防护	2	safety_management	no	yes	no	no
熔铸安全防护	安全防护	HHZY.xmind	混合炸药/制备加工/安全防护/熔铸安全防护	3	safety_management	no	yes	no	no
复合安全防护	安全防护	HHZY.xmind	混合炸药/制备加工/安全防护/复合安全防护	3	safety_management	no	yes	no	no
造粒安全防护	安全防护	HHZY.xmind	混合炸药/制备加工/安全防护/造粒安全防护	3	safety_management	no	yes	no	no
压制安全防护	安全防护	HHZY.xmind	混合炸药/制备加工/安全防护/压制安全防护	3	safety_management	no	yes	no	no
机加安全防护	安全防护	HHZY.xmind	混合炸药/制备加工/安全防护/机加安全防护	3	equipment	no	no	yes	no
相关学科关联	制备加工	HHZY.xmind	混合炸药/制备加工/相关学科关联	2	concept	no	no	no	no
火工药剂		ZSTX.xmind	火工药剂	0	concept	yes	no	no	no
应用场景	火工药剂	ZSTX.xmind	火工药剂/应用场景	1	application	no	yes	yes	no
起爆	应用场景	ZSTX.xmind	火工药剂/应用场景/起爆	2	concept	no	no	no	no
传爆	应用场景	ZSTX.xmind	火工药剂/应用场景/传爆	2	concept	no	no	no	no
点火	应用场景	ZSTX.xmind	火工药剂/应用场景/点火	2	concept	no	no	no	no
传火	应用场景	ZSTX.xmind	火工药剂/应用场景/传火	2	concept	no	no	no	no
延期	应用场景	ZSTX.xmind	火工药剂/应用场景/延期	2	concept	no	no	no	no
航天动力源	应用场景	ZSTX.xmind	火工药剂/应用场景/航天动力源	2	concept	no	no	no	no
特种效应	应用场景	ZSTX.xmind	火工药剂/应用场景/特种效应	2	concept	no	no	no	no
遮蔽	特种效应	ZSTX.xmind	火工药剂/应用场景/特种效应/遮蔽	3	concept	no	no	no	no
诱饵	特种效应	ZSTX.xmind	火工药剂/应用场景/特种效应/诱饵	3	concept	no	no	no	no
曳光	特种效应	ZSTX.xmind	火工药剂/应用场景/特种效应/曳光	3	concept	no	no	no	no
燃烧	特种效应	ZSTX.xmind	火工药剂/应用场景/特种效应/燃烧	3	concept	no	no	no	no
产气	特种效应	ZSTX.xmind	火工药剂/应用场景/特种效应/产气	3	concept	no	no	no	no
其他	特种效应	ZSTX.xmind	火工药剂/应用场景/特种效应/其他	3	concept	no	no	no	no
其他	应用场景	ZSTX.xmind	火工药剂/应用场景/其他	2	concept	no	no	no	no
组成	火工药剂	ZSTX.xmind	火工药剂/组成	1	concept	yes	no	no	no
氧化剂	组成	ZSTX.xmind	火工药剂/组成/氧化剂	2	concept	no	no	no	no
金属无机盐	氧化剂	ZSTX.xmind	火工药剂/组成/氧化剂/金属无机盐	3	equipment	no	no	yes	no
金属氧化物	氧化剂	ZSTX.xmind	火工药剂/组成/氧化剂/金属氧化物	3	concept	no	no	no	no
其他氧化剂	氧化剂	ZSTX.xmind	火工药剂/组成/氧化剂/其他氧化剂	3	concept	no	no	no	no
还原剂	组成	ZSTX.xmind	火工药剂/组成/还原剂	2	concept	no	no	no	no
金属	还原剂	ZSTX.xmind	火工药剂/组成/还原剂/金属	3	concept	no	no	no	no
非金属	还原剂	ZSTX.xmind	火工药剂/组成/还原剂/非金属	3	concept	no	no	no	no
粘合剂	组成	ZSTX.xmind	火工药剂/组成/粘合剂	2	concept	no	no	no	no
高分子材料	粘合剂	ZSTX.xmind	火工药剂/组成/粘合剂/高分子材料	3	structure_term	no	yes	no	no
树脂	粘合剂	ZSTX.xmind	火工药剂/组成/粘合剂/树脂	3	concept	no	no	no	no
聚合物	粘合剂	ZSTX.xmind	火工药剂/组成/粘合剂/聚合物	3	concept	no	no	no	no
其他	粘合剂	ZSTX.xmind	火工药剂/组成/粘合剂/其他	3	concept	no	no	no	no
添加剂	组成	ZSTX.xmind	火工药剂/组成/添加剂	2	concept	no	no	no	no
敏化剂	添加剂	ZSTX.xmind	火工药剂/组成/添加剂/敏化剂	3	concept	no	no	no	no
催化剂	添加剂	ZSTX.xmind	火工药剂/组成/添加剂/催化剂	3	concept	no	no	no	no
固化剂	添加剂	ZSTX.xmind	火工药剂/组成/添加剂/固化剂	3	concept	no	no	no	no
其他	添加剂	ZSTX.xmind	火工药剂/组成/添加剂/其他	3	concept	no	no	no	no
结构	火工药剂	ZSTX.xmind	火工药剂/结构	1	structure_term	no	yes	no	no
分子结构	结构	ZSTX.xmind	火工药剂/结构/分子结构	2	structure_term	no	yes	no	no
几何结构	分子结构	ZSTX.xmind	火工药剂/结构/分子结构/几何结构	3	structure_term	no	yes	no	no
电子结构	分子结构	ZSTX.xmind	火工药剂/结构/分子结构/电子结构	3	structure_term	no	yes	no	no
晶体结构	结构	ZSTX.xmind	火工药剂/结构/晶体结构	2	structure_term	no	yes	no	no
堆积结构	晶体结构	ZSTX.xmind	火工药剂/结构/晶体结构/堆积结构	3	structure_term	no	yes	no	no
晶体形态	晶体结构	ZSTX.xmind	火工药剂/结构/晶体结构/晶体形态	3	structure_term	no	yes	no	no
晶体缺陷	晶体结构	ZSTX.xmind	火工药剂/结构/晶体结构/晶体缺陷	3	structure_term	no	yes	no	no
界面结构	结构	ZSTX.xmind	火工药剂/结构/界面结构	2	structure_term	no	yes	no	no
碳/金属复合材料界面	界面结构	ZSTX.xmind	火工药剂/结构/界面结构/碳/金属复合材料界面	3	structure_term	no	yes	no	no
金属/金属材料界面	界面结构	ZSTX.xmind	火工药剂/结构/界面结构/金属/金属材料界面	3	structure_term	no	yes	no	no
界面能量和结构	界面结构	ZSTX.xmind	火工药剂/结构/界面结构/界面能量和结构	3	structure_term	no	yes	no	no
异质材料界面	界面结构	ZSTX.xmind	火工药剂/结构/界面结构/异质材料界面	3	structure_term	no	yes	no	no
复合材料界面	界面结构	ZSTX.xmind	火工药剂/结构/界面结构/复合材料界面	3	structure_term	no	yes	no	no
合成制备	火工药剂	ZSTX.xmind	火工药剂/合成制备	1	process_or_method	no	yes	no	no
工艺路线	合成制备	ZSTX.xmind	火工药剂/合成制备/工艺路线	2	process_or_method	no	yes	no	no
起爆药	工艺路线	ZSTX.xmind	火工药剂/合成制备/工艺路线/起爆药	3	concept	no	no	no	no
原材料准备与预处理	起爆药	ZSTX.xmind	火工药剂/合成制备/工艺路线/起爆药/原材料准备与预处理	4	process_or_method	no	yes	no	no
原材料预处理	原材料准备与预处理	ZSTX.xmind	火工药剂/合成制备/工艺路线/起爆药/原材料准备与预处理/原材料预处理	5	process_or_method	no	yes	no	no
关键安全控制点	原材料准备与预处理	ZSTX.xmind	火工药剂/合成制备/工艺路线/起爆药/原材料准备与预处理/关键安全控制点	5	safety_management	no	yes	no	no
关键质量控制点	原材料准备与预处理	ZSTX.xmind	火工药剂/合成制备/工艺路线/起爆药/原材料准备与预处理/关键质量控制点	5	concept	no	no	no	no
执行标准	原材料准备与预处理	ZSTX.xmind	火工药剂/合成制备/工艺路线/起爆药/原材料准备与预处理/执行标准	5	standard_or_requirement	no	yes	no	no
物料纯化	起爆药	ZSTX.xmind	火工药剂/合成制备/工艺路线/起爆药/物料纯化	4	concept	no	no	no	no
冷却结晶	物料纯化	ZSTX.xmind	火工药剂/合成制备/工艺路线/起爆药/物料纯化/冷却结晶	5	process_or_method	no	yes	no	no
反应重结晶	物料纯化	ZSTX.xmind	火工药剂/合成制备/工艺路线/起爆药/物料纯化/反应重结晶	5	process_or_method	no	yes	no	no
溶剂非溶剂结晶	物料纯化	ZSTX.xmind	火工药剂/合成制备/工艺路线/起爆药/物料纯化/溶剂非溶剂结晶	5	process_or_method	no	yes	no	no
其他	物料纯化	ZSTX.xmind	火工药剂/合成制备/工艺路线/起爆药/物料纯化/其他	5	concept	no	no	no	no
核心反应类型	起爆药	ZSTX.xmind	火工药剂/合成制备/工艺路线/起爆药/核心反应类型	4	process_or_method	no	yes	no	no
复分解	核心反应类型	ZSTX.xmind	火工药剂/合成制备/工艺路线/起爆药/核心反应类型/复分解	5	concept	no	no	no	no
氧化还原	核心反应类型	ZSTX.xmind	火工药剂/合成制备/工艺路线/起爆药/核心反应类型/氧化还原	5	concept	no	no	no	no
配位	核心反应类型	ZSTX.xmind	火工药剂/合成制备/工艺路线/起爆药/核心反应类型/配位	5	concept	no	no	no	no
酸碱中和	核心反应类型	ZSTX.xmind	火工药剂/合成制备/工艺路线/起爆药/核心反应类型/酸碱中和	5	concept	no	no	no	no
其他	核心反应类型	ZSTX.xmind	火工药剂/合成制备/工艺路线/起爆药/核心反应类型/其他	5	concept	no	no	no	no
后处理	起爆药	ZSTX.xmind	火工药剂/合成制备/工艺路线/起爆药/后处理	4	process_or_method	no	yes	no	no
过滤洗涤	后处理	ZSTX.xmind	火工药剂/合成制备/工艺路线/起爆药/后处理/过滤洗涤	5	concept	no	no	no	no
有机溶剂	过滤洗涤	ZSTX.xmind	火工药剂/合成制备/工艺路线/起爆药/后处理/过滤洗涤/有机溶剂	6	equipment	no	no	yes	no
水	过滤洗涤	ZSTX.xmind	火工药剂/合成制备/工艺路线/起爆药/后处理/过滤洗涤/水	6	concept	no	no	no	no
干燥	后处理	ZSTX.xmind	火工药剂/合成制备/工艺路线/起爆药/后处理/干燥	5	concept	no	no	no	no
热风干燥	干燥	ZSTX.xmind	火工药剂/合成制备/工艺路线/起爆药/后处理/干燥/热风干燥	6	concept	no	no	no	no
烘箱干燥	干燥	ZSTX.xmind	火工药剂/合成制备/工艺路线/起爆药/后处理/干燥/烘箱干燥	6	concept	no	no	no	no
冷冻干燥	干燥	ZSTX.xmind	火工药剂/合成制备/工艺路线/起爆药/后处理/干燥/冷冻干燥	6	concept	no	no	no	no
其他	干燥	ZSTX.xmind	火工药剂/合成制备/工艺路线/起爆药/后处理/干燥/其他	6	concept	no	no	no	no
三废处理	后处理	ZSTX.xmind	火工药剂/合成制备/工艺路线/起爆药/后处理/三废处理	5	process_or_method	no	yes	no	no
废气	三废处理	ZSTX.xmind	火工药剂/合成制备/工艺路线/起爆药/后处理/三废处理/废气	6	concept	no	no	no	no
废水	三废处理	ZSTX.xmind	火工药剂/合成制备/工艺路线/起爆药/后处理/三废处理/废水	6	concept	no	no	no	no
废渣	三废处理	ZSTX.xmind	火工药剂/合成制备/工艺路线/起爆药/后处理/三废处理/废渣	6	concept	no	no	no	no
典型工艺路线与标准规范	起爆药	ZSTX.xmind	火工药剂/合成制备/工艺路线/起爆药/典型工艺路线与标准规范	4	process_or_method	no	yes	no	no
间歇式反应	典型工艺路线与标准规范	ZSTX.xmind	火工药剂/合成制备/工艺路线/起爆药/典型工艺路线与标准规范/间歇式反应	5	process_or_method	no	yes	no	no
微流控连续反应	典型工艺路线与标准规范	ZSTX.xmind	火工药剂/合成制备/工艺路线/起爆药/典型工艺路线与标准规范/微流控连续反应	5	process_or_method	no	yes	no	no
混合药	工艺路线	ZSTX.xmind	火工药剂/合成制备/工艺路线/混合药	3	concept	no	no	no	no
原材料准备与预处理	混合药	ZSTX.xmind	火工药剂/合成制备/工艺路线/混合药/原材料准备与预处理	4	process_or_method	no	yes	no	no
原材料预处理	原材料准备与预处理	ZSTX.xmind	火工药剂/合成制备/工艺路线/混合药/原材料准备与预处理/原材料预处理	5	process_or_method	no	yes	no	no
细化	原材料预处理	ZSTX.xmind	火工药剂/合成制备/工艺路线/混合药/原材料准备与预处理/原材料预处理/细化	6	concept	no	no	no	no
级配	原材料预处理	ZSTX.xmind	火工药剂/合成制备/工艺路线/混合药/原材料准备与预处理/原材料预处理/级配	6	concept	no	no	no	no
关键安全控制点	原材料准备与预处理	ZSTX.xmind	火工药剂/合成制备/工艺路线/混合药/原材料准备与预处理/关键安全控制点	5	safety_management	no	yes	no	no
关键质量控制点	原材料准备与预处理	ZSTX.xmind	火工药剂/合成制备/工艺路线/混合药/原材料准备与预处理/关键质量控制点	5	concept	no	no	no	no
核心混合类型	混合药	ZSTX.xmind	火工药剂/合成制备/工艺路线/混合药/核心混合类型	4	concept	no	no	no	no
干混	核心混合类型	ZSTX.xmind	火工药剂/合成制备/工艺路线/混合药/核心混合类型/干混	5	concept	no	no	no	no
湿混	核心混合类型	ZSTX.xmind	火工药剂/合成制备/工艺路线/混合药/核心混合类型/湿混	5	concept	no	no	no	no
重力混	核心混合类型	ZSTX.xmind	火工药剂/合成制备/工艺路线/混合药/核心混合类型/重力混	5	concept	no	no	no	no
搅拌混合	核心混合类型	ZSTX.xmind	火工药剂/合成制备/工艺路线/混合药/核心混合类型/搅拌混合	5	concept	no	no	no	no
其他	核心混合类型	ZSTX.xmind	火工药剂/合成制备/工艺路线/混合药/核心混合类型/其他	5	concept	no	no	no	no
造粒	混合药	ZSTX.xmind	火工药剂/合成制备/工艺路线/混合药/造粒	4	concept	no	no	no	no
粒度控制	造粒	ZSTX.xmind	火工药剂/合成制备/工艺路线/混合药/造粒/粒度控制	5	concept	no	no	no	no
溶液比	造粒	ZSTX.xmind	火工药剂/合成制备/工艺路线/混合药/造粒/溶液比	5	concept	no	no	no	no
其他	造粒	ZSTX.xmind	火工药剂/合成制备/工艺路线/混合药/造粒/其他	5	concept	no	no	no	no
产后处理	混合药	ZSTX.xmind	火工药剂/合成制备/工艺路线/混合药/产后处理	4	process_or_method	no	yes	no	no
筛分	产后处理	ZSTX.xmind	火工药剂/合成制备/工艺路线/混合药/产后处理/筛分	5	concept	no	no	no	no
驱溶	产后处理	ZSTX.xmind	火工药剂/合成制备/工艺路线/混合药/产后处理/驱溶	5	concept	no	no	no	no
老化	产后处理	ZSTX.xmind	火工药剂/合成制备/工艺路线/混合药/产后处理/老化	5	concept	no	no	no	no
三废处理	产后处理	ZSTX.xmind	火工药剂/合成制备/工艺路线/混合药/产后处理/三废处理	5	process_or_method	no	yes	no	no
典型工艺路线与标准规范	混合药	ZSTX.xmind	火工药剂/合成制备/工艺路线/混合药/典型工艺路线与标准规范	4	process_or_method	no	yes	no	no
典型设备	合成制备	ZSTX.xmind	火工药剂/合成制备/典型设备	2	equipment	no	no	yes	no
起爆药	典型设备	ZSTX.xmind	火工药剂/合成制备/典型设备/起爆药	3	concept	no	no	no	no
配料系统	起爆药	ZSTX.xmind	火工药剂/合成制备/典型设备/起爆药/配料系统	4	equipment	no	no	yes	no
加料系统	起爆药	ZSTX.xmind	火工药剂/合成制备/典型设备/起爆药/加料系统	4	equipment	no	no	yes	no
温控系统	起爆药	ZSTX.xmind	火工药剂/合成制备/典型设备/起爆药/温控系统	4	equipment	no	no	yes	no
化合系统	起爆药	ZSTX.xmind	火工药剂/合成制备/典型设备/起爆药/化合系统	4	equipment	no	no	yes	no
过滤洗涤系统	起爆药	ZSTX.xmind	火工药剂/合成制备/典型设备/起爆药/过滤洗涤系统	4	equipment	no	no	yes	no
干燥系统	起爆药	ZSTX.xmind	火工药剂/合成制备/典型设备/起爆药/干燥系统	4	equipment	no	no	yes	no
筛分装盒系统	起爆药	ZSTX.xmind	火工药剂/合成制备/典型设备/起爆药/筛分装盒系统	4	equipment	no	no	yes	no
动力源系统	起爆药	ZSTX.xmind	火工药剂/合成制备/典型设备/起爆药/动力源系统	4	equipment	no	no	yes	no
热水系统	起爆药	ZSTX.xmind	火工药剂/合成制备/典型设备/起爆药/热水系统	4	equipment	no	no	yes	no
辅助系统	起爆药	ZSTX.xmind	火工药剂/合成制备/典型设备/起爆药/辅助系统	4	equipment	no	no	yes	no
混合药	典型设备	ZSTX.xmind	火工药剂/合成制备/典型设备/混合药	3	concept	no	no	no	no
称量系统	混合药	ZSTX.xmind	火工药剂/合成制备/典型设备/混合药/称量系统	4	equipment	no	no	yes	no
加料系统	混合药	ZSTX.xmind	火工药剂/合成制备/典型设备/混合药/加料系统	4	equipment	no	no	yes	no
混合系统	混合药	ZSTX.xmind	火工药剂/合成制备/典型设备/混合药/混合系统	4	equipment	no	no	yes	no
造粒系统	混合药	ZSTX.xmind	火工药剂/合成制备/典型设备/混合药/造粒系统	4	equipment	no	no	yes	no
筛分系统	混合药	ZSTX.xmind	火工药剂/合成制备/典型设备/混合药/筛分系统	4	equipment	no	no	yes	no
干燥系统	混合药	ZSTX.xmind	火工药剂/合成制备/典型设备/混合药/干燥系统	4	equipment	no	no	yes	no
动力源系统	混合药	ZSTX.xmind	火工药剂/合成制备/典型设备/混合药/动力源系统	4	equipment	no	no	yes	no
热水系统	混合药	ZSTX.xmind	火工药剂/合成制备/典型设备/混合药/热水系统	4	equipment	no	no	yes	no
控制系统	混合药	ZSTX.xmind	火工药剂/合成制备/典型设备/混合药/控制系统	4	equipment	no	no	yes	no
辅助系统	混合药	ZSTX.xmind	火工药剂/合成制备/典型设备/混合药/辅助系统	4	equipment	no	no	yes	no
结晶	合成制备	ZSTX.xmind	火工药剂/合成制备/结晶	2	process_or_method	no	yes	no	no
结晶方式	结晶	ZSTX.xmind	火工药剂/合成制备/结晶/结晶方式	3	process_or_method	no	yes	no	no
反应结晶	结晶方式	ZSTX.xmind	火工药剂/合成制备/结晶/结晶方式/反应结晶	4	process_or_method	no	yes	no	no
冷却结晶	结晶方式	ZSTX.xmind	火工药剂/合成制备/结晶/结晶方式/冷却结晶	4	process_or_method	no	yes	no	no
溶剂非溶剂结晶	结晶方式	ZSTX.xmind	火工药剂/合成制备/结晶/结晶方式/溶剂非溶剂结晶	4	process_or_method	no	yes	no	no
其他	结晶方式	ZSTX.xmind	火工药剂/合成制备/结晶/结晶方式/其他	4	concept	no	no	no	no
晶体调控	结晶	ZSTX.xmind	火工药剂/合成制备/结晶/晶体调控	3	structure_term	no	yes	no	no
晶型调控剂	晶体调控	ZSTX.xmind	火工药剂/合成制备/结晶/晶体调控/晶型调控剂	4	concept	no	no	no	no
晶体诱发剂	晶体调控	ZSTX.xmind	火工药剂/合成制备/结晶/晶体调控/晶体诱发剂	4	structure_term	no	yes	no	no
工艺调控	晶体调控	ZSTX.xmind	火工药剂/合成制备/结晶/晶体调控/工艺调控	4	process_or_method	no	yes	no	no
溶剂非溶剂结晶	结晶	ZSTX.xmind	火工药剂/合成制备/结晶/溶剂非溶剂结晶	3	process_or_method	no	yes	no	no
其他	结晶	ZSTX.xmind	火工药剂/合成制备/结晶/其他	3	concept	no	no	no	no
性质性能	火工药剂	ZSTX.xmind	火工药剂/性质性能	1	concept	yes	no	no	no
基础理化性质	性质性能	ZSTX.xmind	火工药剂/性质性能/基础理化性质	2	concept	no	no	no	no
状态与颜色	基础理化性质	ZSTX.xmind	火工药剂/性质性能/基础理化性质/状态与颜色	3	concept	no	no	no	no
熔点	基础理化性质	ZSTX.xmind	火工药剂/性质性能/基础理化性质/熔点	3	property_metric	no	yes	no	no
密度	基础理化性质	ZSTX.xmind	火工药剂/性质性能/基础理化性质/密度	3	property_metric	no	yes	no	no
粒度	基础理化性质	ZSTX.xmind	火工药剂/性质性能/基础理化性质/粒度	3	concept	no	no	no	no
吸湿性	基础理化性质	ZSTX.xmind	火工药剂/性质性能/基础理化性质/吸湿性	3	property_metric	no	yes	no	no
流散性	基础理化性质	ZSTX.xmind	火工药剂/性质性能/基础理化性质/流散性	3	concept	no	no	no	no
热力学性质	基础理化性质	ZSTX.xmind	火工药剂/性质性能/基础理化性质/热力学性质	3	concept	no	no	no	no
谱学性质	基础理化性质	ZSTX.xmind	火工药剂/性质性能/基础理化性质/谱学性质	3	concept	no	no	no	no
溶解性与极性	基础理化性质	ZSTX.xmind	火工药剂/性质性能/基础理化性质/溶解性与极性	3	property_metric	no	yes	no	no
燃烧爆炸性质	性质性能	ZSTX.xmind	火工药剂/性质性能/燃烧爆炸性质	2	concept	no	no	no	no
燃烧热、爆热	燃烧爆炸性质	ZSTX.xmind	火工药剂/性质性能/燃烧爆炸性质/燃烧热、爆热	3	property_metric	no	yes	no	no
比容	燃烧爆炸性质	ZSTX.xmind	火工药剂/性质性能/燃烧爆炸性质/比容	3	concept	no	no	no	no
爆发点	燃烧爆炸性质	ZSTX.xmind	火工药剂/性质性能/燃烧爆炸性质/爆发点	3	property_metric	no	yes	no	no
相容性	性质性能	ZSTX.xmind	火工药剂/性质性能/相容性	2	property_metric	no	yes	no	no
安全性	性质性能	ZSTX.xmind	火工药剂/性质性能/安全性	2	safety_management	no	yes	no	no
闪电	安全性	ZSTX.xmind	火工药剂/性质性能/安全性/闪电	3	concept	no	no	no	no
爆炸极限	安全性	ZSTX.xmind	火工药剂/性质性能/安全性/爆炸极限	3	concept	no	no	no	no
毒性	安全性	ZSTX.xmind	火工药剂/性质性能/安全性/毒性	3	concept	no	no	no	no
感度	安全性	ZSTX.xmind	火工药剂/性质性能/安全性/感度	3	property_metric	no	yes	no	no
摩擦感度	感度	ZSTX.xmind	火工药剂/性质性能/安全性/感度/摩擦感度	4	property_metric	no	yes	no	no
冲击感度	感度	ZSTX.xmind	火工药剂/性质性能/安全性/感度/冲击感度	4	property_metric	no	yes	no	no
静电感度	感度	ZSTX.xmind	火工药剂/性质性能/安全性/感度/静电感度	4	property_metric	no	yes	no	no
激光感度	感度	ZSTX.xmind	火工药剂/性质性能/安全性/感度/激光感度	4	property_metric	no	yes	no	no
热安全性	安全性	ZSTX.xmind	火工药剂/性质性能/安全性/热安全性	3	safety_management	no	yes	no	no
力安全性	安全性	ZSTX.xmind	火工药剂/性质性能/安全性/力安全性	3	safety_management	no	yes	no	no
冲击波安全性	安全性	ZSTX.xmind	火工药剂/性质性能/安全性/冲击波安全性	3	safety_management	no	yes	no	no
生物降解性	安全性	ZSTX.xmind	火工药剂/性质性能/安全性/生物降解性	3	concept	no	no	no	no
毒理性指标	安全性	ZSTX.xmind	火工药剂/性质性能/安全性/毒理性指标	3	concept	no	no	no	no
健康危害理化性质	性质性能	ZSTX.xmind	火工药剂/性质性能/健康危害理化性质	2	concept	no	no	no	no
半数致死剂量	健康危害理化性质	ZSTX.xmind	火工药剂/性质性能/健康危害理化性质/半数致死剂量	3	concept	no	no	no	no
腐蚀性/刺激性	健康危害理化性质	ZSTX.xmind	火工药剂/性质性能/健康危害理化性质/腐蚀性/刺激性	3	concept	no	no	no	no
毒性	健康危害理化性质	ZSTX.xmind	火工药剂/性质性能/健康危害理化性质/毒性	3	concept	no	no	no	no
职业健康伤害类型	健康危害理化性质	ZSTX.xmind	火工药剂/性质性能/健康危害理化性质/职业健康伤害类型	3	concept	no	no	no	no
化学稳定性	性质性能	ZSTX.xmind	火工药剂/性质性能/化学稳定性	2	property_metric	no	yes	no	no
热稳定性	化学稳定性	ZSTX.xmind	火工药剂/性质性能/化学稳定性/热稳定性	3	property_metric	no	yes	no	no
光稳定性	化学稳定性	ZSTX.xmind	火工药剂/性质性能/化学稳定性/光稳定性	3	property_metric	no	yes	no	no
氧化还原稳定性	化学稳定性	ZSTX.xmind	火工药剂/性质性能/化学稳定性/氧化还原稳定性	3	property_metric	no	yes	no	no
水解稳定性	化学稳定性	ZSTX.xmind	火工药剂/性质性能/化学稳定性/水解稳定性	3	property_metric	no	yes	no	no
安全操作与储运特性	性质性能	ZSTX.xmind	火工药剂/性质性能/安全操作与储运特性	2	safety_management	no	yes	no	no
危险类别	安全操作与储运特性	ZSTX.xmind	火工药剂/性质性能/安全操作与储运特性/危险类别	3	safety_management	no	yes	no	no
包装类别	安全操作与储运特性	ZSTX.xmind	火工药剂/性质性能/安全操作与储运特性/包装类别	3	concept	no	no	no	no
稳定剂信息	安全操作与储运特性	ZSTX.xmind	火工药剂/性质性能/安全操作与储运特性/稳定剂信息	3	concept	no	no	no	no
吸湿性	安全操作与储运特性	ZSTX.xmind	火工药剂/性质性能/安全操作与储运特性/吸湿性	3	property_metric	no	yes	no	no
应急响应参数	安全操作与储运特性	ZSTX.xmind	火工药剂/性质性能/安全操作与储运特性/应急响应参数	3	safety_management	no	yes	no	no
测试方法	性质性能	ZSTX.xmind	火工药剂/性质性能/测试方法	2	process_or_method	no	yes	no	no
测试标准	测试方法	ZSTX.xmind	火工药剂/性质性能/测试方法/测试标准	3	standard_or_requirement	no	yes	no	no
测试环境	测试方法	ZSTX.xmind	火工药剂/性质性能/测试方法/测试环境	3	concept	no	no	no	no
测试仪器	测试方法	ZSTX.xmind	火工药剂/性质性能/测试方法/测试仪器	3	equipment	no	no	yes	no
安全与监管	火工药剂	ZSTX.xmind	火工药剂/安全与监管	1	safety_management	yes	yes	no	no
人员安全管控	安全与监管	ZSTX.xmind	火工药剂/安全与监管/人员安全管控	2	safety_management	no	yes	no	no
人员行为规范	人员安全管控	ZSTX.xmind	火工药剂/安全与监管/人员安全管控/人员行为规范	3	standard_or_requirement	no	yes	no	no
禁限用行为	人员行为规范	ZSTX.xmind	火工药剂/安全与监管/人员安全管控/人员行为规范/禁限用行为	4	concept	no	no	no	no
超员超量要求	人员行为规范	ZSTX.xmind	火工药剂/安全与监管/人员安全管控/人员行为规范/超员超量要求	4	standard_or_requirement	no	yes	no	no
防护要求	人员行为规范	ZSTX.xmind	火工药剂/安全与监管/人员安全管控/人员行为规范/防护要求	4	standard_or_requirement	no	yes	no	no
危险岗位管理	人员安全管控	ZSTX.xmind	火工药剂/安全与监管/人员安全管控/危险岗位管理	3	safety_management	no	yes	no	no
专业知识培训与学习	危险岗位管理	ZSTX.xmind	火工药剂/安全与监管/人员安全管控/危险岗位管理/专业知识培训与学习	4	concept	no	no	no	no
考核与复查	危险岗位管理	ZSTX.xmind	火工药剂/安全与监管/人员安全管控/危险岗位管理/考核与复查	4	concept	no	no	no	no
岗位监管	危险岗位管理	ZSTX.xmind	火工药剂/安全与监管/人员安全管控/危险岗位管理/岗位监管	4	safety_management	no	yes	no	no
法律法规与标准规范	安全与监管	ZSTX.xmind	火工药剂/安全与监管/法律法规与标准规范	2	standard_or_requirement	no	yes	no	no
法律法规与标准规范	法律法规与标准规范	ZSTX.xmind	火工药剂/安全与监管/法律法规与标准规范/法律法规与标准规范	3	standard_or_requirement	no	yes	no	no
国际法律	法律法规与标准规范	ZSTX.xmind	火工药剂/安全与监管/法律法规与标准规范/法律法规与标准规范/国际法律	4	concept	no	no	no	no
国家法律法规	法律法规与标准规范	ZSTX.xmind	火工药剂/安全与监管/法律法规与标准规范/法律法规与标准规范/国家法律法规	4	standard_or_requirement	no	yes	no	no
国际标准	法律法规与标准规范	ZSTX.xmind	火工药剂/安全与监管/法律法规与标准规范/法律法规与标准规范/国际标准	4	standard_or_requirement	no	yes	no	no
国家标准	法律法规与标准规范	ZSTX.xmind	火工药剂/安全与监管/法律法规与标准规范/法律法规与标准规范/国家标准	4	standard_or_requirement	no	yes	no	no
军事标准	法律法规与标准规范	ZSTX.xmind	火工药剂/安全与监管/法律法规与标准规范/法律法规与标准规范/军事标准	4	standard_or_requirement	no	yes	no	no
国防标准	法律法规与标准规范	ZSTX.xmind	火工药剂/安全与监管/法律法规与标准规范/法律法规与标准规范/国防标准	4	standard_or_requirement	no	yes	no	no
企业标准	法律法规与标准规范	ZSTX.xmind	火工药剂/安全与监管/法律法规与标准规范/法律法规与标准规范/企业标准	4	standard_or_requirement	no	yes	no	no
行业规范要求	法律法规与标准规范	ZSTX.xmind	火工药剂/安全与监管/法律法规与标准规范/法律法规与标准规范/行业规范要求	4	standard_or_requirement	no	yes	no	no
企业规范要求	法律法规与标准规范	ZSTX.xmind	火工药剂/安全与监管/法律法规与标准规范/法律法规与标准规范/企业规范要求	4	standard_or_requirement	no	yes	no	no
应急响应处置	法律法规与标准规范	ZSTX.xmind	火工药剂/安全与监管/法律法规与标准规范/应急响应处置	3	safety_management	no	yes	no	no
应急预案	应急响应处置	ZSTX.xmind	火工药剂/安全与监管/法律法规与标准规范/应急响应处置/应急预案	4	safety_management	no	yes	no	no
应急演练	应急响应处置	ZSTX.xmind	火工药剂/安全与监管/法律法规与标准规范/应急响应处置/应急演练	4	safety_management	no	yes	no	no
救援体系	应急响应处置	ZSTX.xmind	火工药剂/安全与监管/法律法规与标准规范/应急响应处置/救援体系	4	concept	no	no	no	no
事故调查	应急响应处置	ZSTX.xmind	火工药剂/安全与监管/法律法规与标准规范/应急响应处置/事故调查	4	safety_management	no	yes	no	no
设计规范	法律法规与标准规范	ZSTX.xmind	火工药剂/安全与监管/法律法规与标准规范/设计规范	3	standard_or_requirement	no	yes	no	no
危险品厂房设计规范	设计规范	ZSTX.xmind	火工药剂/安全与监管/法律法规与标准规范/设计规范/危险品厂房设计规范	4	standard_or_requirement	no	yes	no	no
危险品产线设计要求	设计规范	ZSTX.xmind	火工药剂/安全与监管/法律法规与标准规范/设计规范/危险品产线设计要求	4	standard_or_requirement	no	yes	no	no
关重设备设计要求	设计规范	ZSTX.xmind	火工药剂/安全与监管/法律法规与标准规范/设计规范/关重设备设计要求	4	equipment	no	no	yes	no
物料属性	安全与监管	ZSTX.xmind	火工药剂/安全与监管/物料属性	2	concept	no	no	no	no
火工药剂分类标签与目录	物料属性	ZSTX.xmind	火工药剂/安全与监管/物料属性/火工药剂分类标签与目录	3	concept	no	no	no	no
危险化学品标签制定	火工药剂分类标签与目录	ZSTX.xmind	火工药剂/安全与监管/物料属性/火工药剂分类标签与目录/危险化学品标签制定	4	safety_management	no	yes	no	no
国防科技工业标签制度	火工药剂分类标签与目录	ZSTX.xmind	火工药剂/安全与监管/物料属性/火工药剂分类标签与目录/国防科技工业标签制度	4	standard_or_requirement	no	yes	no	no
危险性类别识别	物料属性	ZSTX.xmind	火工药剂/安全与监管/物料属性/危险性类别识别	3	safety_management	no	yes	no	no
物理危险	危险性类别识别	ZSTX.xmind	火工药剂/安全与监管/物料属性/危险性类别识别/物理危险	4	safety_management	no	yes	no	no
健康危险	危险性类别识别	ZSTX.xmind	火工药剂/安全与监管/物料属性/危险性类别识别/健康危险	4	safety_management	no	yes	no	no
环境危险	危险性类别识别	ZSTX.xmind	火工药剂/安全与监管/物料属性/危险性类别识别/环境危险	4	safety_management	no	yes	no	no
分类编码与标识	物料属性	ZSTX.xmind	火工药剂/安全与监管/物料属性/分类编码与标识	3	concept	no	no	no	no
化合物CAS编码	分类编码与标识	ZSTX.xmind	火工药剂/安全与监管/物料属性/分类编码与标识/化合物CAS编码	4	concept	no	no	no	no
包装与运输标签	分类编码与标识	ZSTX.xmind	火工药剂/安全与监管/物料属性/分类编码与标识/包装与运输标签	4	concept	no	no	no	no
设备状态	安全与监管	ZSTX.xmind	火工药剂/安全与监管/设备状态	2	equipment	no	no	yes	no
危险行业设备设计要求	设备状态	ZSTX.xmind	火工药剂/安全与监管/设备状态/危险行业设备设计要求	3	equipment	no	no	yes	no
设备安全管理	设备状态	ZSTX.xmind	火工药剂/安全与监管/设备状态/设备安全管理	3	equipment	no	no	yes	no
特种设备	设备安全管理	ZSTX.xmind	火工药剂/安全与监管/设备状态/设备安全管理/特种设备	4	equipment	no	no	yes	no
防爆电气	设备安全管理	ZSTX.xmind	火工药剂/安全与监管/设备状态/设备安全管理/防爆电气	4	concept	no	no	no	no
防静电系统	设备安全管理	ZSTX.xmind	火工药剂/安全与监管/设备状态/设备安全管理/防静电系统	4	equipment	no	no	yes	no
监测预警与连锁	设备状态	ZSTX.xmind	火工药剂/安全与监管/设备状态/监测预警与连锁	3	concept	no	no	no	no
气体探头	监测预警与连锁	ZSTX.xmind	火工药剂/安全与监管/设备状态/监测预警与连锁/气体探头	4	concept	no	no	no	no
红外报警	监测预警与连锁	ZSTX.xmind	火工药剂/安全与监管/设备状态/监测预警与连锁/红外报警	4	concept	no	no	no	no
DCS系统集成控制	监测预警与连锁	ZSTX.xmind	火工药剂/安全与监管/设备状态/监测预警与连锁/DCS系统集成控制	4	equipment	no	no	yes	no
门机连锁	监测预警与连锁	ZSTX.xmind	火工药剂/安全与监管/设备状态/监测预警与连锁/门机连锁	4	equipment	no	no	yes	no
固体推进剂		推进剂.xmind	固体推进剂	0	concept	yes	no	no	no
性质/性能	固体推进剂	推进剂.xmind	固体推进剂/性质/性能	1	concept	yes	no	no	no
羽流特性	性质/性能	推进剂.xmind	固体推进剂/性质/性能/羽流特性	2	concept	no	no	no	no
特征信号	羽流特性	推进剂.xmind	固体推进剂/性质/性能/羽流特性/特征信号	3	concept	no	no	no	no
辐射特征	羽流特性	推进剂.xmind	固体推进剂/性质/性能/羽流特性/辐射特征	3	concept	no	no	no	no
烟特征	羽流特性	推进剂.xmind	固体推进剂/性质/性能/羽流特性/烟特征	3	concept	no	no	no	no
微波性质	羽流特性	推进剂.xmind	固体推进剂/性质/性能/羽流特性/微波性质	3	concept	no	no	no	no
能量性能	性质/性能	推进剂.xmind	固体推进剂/性质/性能/能量性能	2	concept	no	no	no	no
总冲	能量性能	推进剂.xmind	固体推进剂/性质/性能/能量性能/总冲	3	property_metric	no	yes	no	no
比冲	能量性能	推进剂.xmind	固体推进剂/性质/性能/能量性能/比冲	3	property_metric	no	yes	no	no
特征速度	能量性能	推进剂.xmind	固体推进剂/性质/性能/能量性能/特征速度	3	concept	no	no	no	no
密度及密度比冲	能量性能	推进剂.xmind	固体推进剂/性质/性能/能量性能/密度及密度比冲	3	property_metric	no	yes	no	no
燃烧室压强	能量性能	推进剂.xmind	固体推进剂/性质/性能/能量性能/燃烧室压强	3	concept	no	no	no	no
燃烧室温度	能量性能	推进剂.xmind	固体推进剂/性质/性能/能量性能/燃烧室温度	3	property_metric	no	yes	no	no
理论比冲与比冲效率	能量性能	推进剂.xmind	固体推进剂/性质/性能/能量性能/理论比冲与比冲效率	3	property_metric	no	yes	no	no
氧系数	能量性能	推进剂.xmind	固体推进剂/性质/性能/能量性能/氧系数	3	property_metric	no	yes	no	no
力学性能	性质/性能	推进剂.xmind	固体推进剂/性质/性能/力学性能	2	concept	no	no	no	no
拉伸强度	力学性能	推进剂.xmind	固体推进剂/性质/性能/力学性能/拉伸强度	3	property_metric	no	yes	no	no
伸长率	力学性能	推进剂.xmind	固体推进剂/性质/性能/力学性能/伸长率	3	property_metric	no	yes	no	no
模量	力学性能	推进剂.xmind	固体推进剂/性质/性能/力学性能/模量	3	property_metric	no	yes	no	no
玻璃化温度	力学性能	推进剂.xmind	固体推进剂/性质/性能/力学性能/玻璃化温度	3	property_metric	no	yes	no	no
燃烧性能	性质/性能	推进剂.xmind	固体推进剂/性质/性能/燃烧性能	2	concept	no	no	no	no
燃烧速率	燃烧性能	推进剂.xmind	固体推进剂/性质/性能/燃烧性能/燃烧速率	3	concept	no	no	no	no
燃烧压强指数	燃烧性能	推进剂.xmind	固体推进剂/性质/性能/燃烧性能/燃烧压强指数	3	property_metric	no	yes	no	no
燃速温度敏感系数	燃烧性能	推进剂.xmind	固体推进剂/性质/性能/燃烧性能/燃速温度敏感系数	3	property_metric	no	yes	no	no
点火性能	燃烧性能	推进剂.xmind	固体推进剂/性质/性能/燃烧性能/点火性能	3	concept	no	no	no	no
熄火性能	燃烧性能	推进剂.xmind	固体推进剂/性质/性能/燃烧性能/熄火性能	3	concept	no	no	no	no
储存老化性能	性质/性能	推进剂.xmind	固体推进剂/性质/性能/储存老化性能	2	concept	no	no	no	no
监测实验	储存老化性能	推进剂.xmind	固体推进剂/性质/性能/储存老化性能/监测实验	3	concept	no	no	no	no
加速老化实验	储存老化性能	推进剂.xmind	固体推进剂/性质/性能/储存老化性能/加速老化实验	3	concept	no	no	no	no
化学安定性评估	储存老化性能	推进剂.xmind	固体推进剂/性质/性能/储存老化性能/化学安定性评估	3	concept	no	no	no	no
结构完整性	储存老化性能	推进剂.xmind	固体推进剂/性质/性能/储存老化性能/结构完整性	3	structure_term	no	yes	no	no
组分迁移	储存老化性能	推进剂.xmind	固体推进剂/性质/性能/储存老化性能/组分迁移	3	concept	no	no	no	no
工艺性能	性质/性能	推进剂.xmind	固体推进剂/性质/性能/工艺性能	2	process_or_method	no	yes	no	no
塑性	工艺性能	推进剂.xmind	固体推进剂/性质/性能/工艺性能/塑性	3	concept	no	no	no	no
触变性	工艺性能	推进剂.xmind	固体推进剂/性质/性能/工艺性能/触变性	3	concept	no	no	no	no
粘弹性	工艺性能	推进剂.xmind	固体推进剂/性质/性能/工艺性能/粘弹性	3	concept	no	no	no	no
热固性	工艺性能	推进剂.xmind	固体推进剂/性质/性能/工艺性能/热固性	3	concept	no	no	no	no
安全性能	性质/性能	推进剂.xmind	固体推进剂/性质/性能/安全性能	2	safety_management	no	yes	no	no
撞击感度	安全性能	推进剂.xmind	固体推进剂/性质/性能/安全性能/撞击感度	3	property_metric	no	yes	no	no
摩擦感度	安全性能	推进剂.xmind	固体推进剂/性质/性能/安全性能/摩擦感度	3	property_metric	no	yes	no	no
静电火花感度	安全性能	推进剂.xmind	固体推进剂/性质/性能/安全性能/静电火花感度	3	property_metric	no	yes	no	no
热感度	安全性能	推进剂.xmind	固体推进剂/性质/性能/安全性能/热感度	3	property_metric	no	yes	no	no
冲击波感度	安全性能	推进剂.xmind	固体推进剂/性质/性能/安全性能/冲击波感度	3	property_metric	no	yes	no	no
火焰感度	安全性能	推进剂.xmind	固体推进剂/性质/性能/安全性能/火焰感度	3	property_metric	no	yes	no	no
相容性	性质/性能	推进剂.xmind	固体推进剂/性质/性能/相容性	2	property_metric	no	yes	no	no
基础理化性质	性质/性能	推进剂.xmind	固体推进剂/性质/性能/基础理化性质	2	concept	no	no	no	no
密度	基础理化性质	推进剂.xmind	固体推进剂/性质/性能/基础理化性质/密度	3	property_metric	no	yes	no	no
触变性	基础理化性质	推进剂.xmind	固体推进剂/性质/性能/基础理化性质/触变性	3	concept	no	no	no	no
黏度	基础理化性质	推进剂.xmind	固体推进剂/性质/性能/基础理化性质/黏度	3	property_metric	no	yes	no	no
腐蚀性	基础理化性质	推进剂.xmind	固体推进剂/性质/性能/基础理化性质/腐蚀性	3	concept	no	no	no	no
结构	固体推进剂	推进剂.xmind	固体推进剂/结构	1	structure_term	no	yes	no	no
晶体结构	结构	推进剂.xmind	固体推进剂/结构/晶体结构	2	structure_term	no	yes	no	no
堆积结构	晶体结构	推进剂.xmind	固体推进剂/结构/晶体结构/堆积结构	3	structure_term	no	yes	no	no
晶体形态	晶体结构	推进剂.xmind	固体推进剂/结构/晶体结构/晶体形态	3	structure_term	no	yes	no	no
晶体缺陷	晶体结构	推进剂.xmind	固体推进剂/结构/晶体结构/晶体缺陷	3	structure_term	no	yes	no	no
分子结构	结构	推进剂.xmind	固体推进剂/结构/分子结构	2	structure_term	no	yes	no	no
几何结构	分子结构	推进剂.xmind	固体推进剂/结构/分子结构/几何结构	3	structure_term	no	yes	no	no
电子结构	分子结构	推进剂.xmind	固体推进剂/结构/分子结构/电子结构	3	structure_term	no	yes	no	no
异构体	分子结构	推进剂.xmind	固体推进剂/结构/分子结构/异构体	3	concept	no	no	no	no
颗粒结构	结构	推进剂.xmind	固体推进剂/结构/颗粒结构	2	structure_term	no	yes	no	no
初始粒度形貌	颗粒结构	推进剂.xmind	固体推进剂/结构/颗粒结构/初始粒度形貌	3	structure_term	no	yes	no	no
粉体密度	颗粒结构	推进剂.xmind	固体推进剂/结构/颗粒结构/粉体密度	3	property_metric	no	yes	no	no
比表面积	颗粒结构	推进剂.xmind	固体推进剂/结构/颗粒结构/比表面积	3	concept	no	no	no	no
D10/D50/D90	颗粒结构	推进剂.xmind	固体推进剂/结构/颗粒结构/D10/D50/D90	3	concept	no	no	no	no
包覆厚度	颗粒结构	推进剂.xmind	固体推进剂/结构/颗粒结构/包覆厚度	3	concept	no	no	no	no
界面结构	结构	推进剂.xmind	固体推进剂/结构/界面结构	2	structure_term	no	yes	no	no
界面形态	界面结构	推进剂.xmind	固体推进剂/结构/界面结构/界面形态	3	structure_term	no	yes	no	no
包覆度	界面结构	推进剂.xmind	固体推进剂/结构/界面结构/包覆度	3	concept	no	no	no	no
结构分类	结构	推进剂.xmind	固体推进剂/结构/结构分类	2	structure_term	no	yes	no	no
均质推进剂	结构分类	推进剂.xmind	固体推进剂/结构/结构分类/均质推进剂	3	concept	no	no	no	no
双基推进剂	均质推进剂	推进剂.xmind	固体推进剂/结构/结构分类/均质推进剂/双基推进剂	4	concept	no	no	no	no
单基推进剂	均质推进剂	推进剂.xmind	固体推进剂/结构/结构分类/均质推进剂/单基推进剂	4	concept	no	no	no	no
异质推进剂	结构分类	推进剂.xmind	固体推进剂/结构/结构分类/异质推进剂	3	concept	no	no	no	no
复合推进剂	异质推进剂	推进剂.xmind	固体推进剂/结构/结构分类/异质推进剂/复合推进剂	4	concept	no	no	no	no
特种推进剂	异质推进剂	推进剂.xmind	固体推进剂/结构/结构分类/异质推进剂/特种推进剂	4	concept	no	no	no	no
改性双基推进剂	异质推进剂	推进剂.xmind	固体推进剂/结构/结构分类/异质推进剂/改性双基推进剂	4	concept	no	no	no	no
组成	固体推进剂	推进剂.xmind	固体推进剂/组成	1	concept	yes	no	no	no
增塑剂	组成	推进剂.xmind	固体推进剂/组成/增塑剂	2	concept	no	no	no	no
硝酸酯类	增塑剂	推进剂.xmind	固体推进剂/组成/增塑剂/硝酸酯类	3	material_or_component	no	no	yes	yes
芳香簇酯类	增塑剂	推进剂.xmind	固体推进剂/组成/增塑剂/芳香簇酯类	3	concept	no	no	no	no
磷酸酯类	增塑剂	推进剂.xmind	固体推进剂/组成/增塑剂/磷酸酯类	3	concept	no	no	no	no
典型示例-NG、BTTN、DCHP、DOP	增塑剂	推进剂.xmind	固体推进剂/组成/增塑剂/典型示例-NG、BTTN、DCHP、DOP	3	material_or_component	no	no	yes	yes
固化剂和交联剂	组成	推进剂.xmind	固体推进剂/组成/固化剂和交联剂	2	concept	no	no	no	no
异氰酸酯类	固化剂和交联剂	推进剂.xmind	固体推进剂/组成/固化剂和交联剂/异氰酸酯类	3	concept	no	no	no	no
环氧树脂类	固化剂和交联剂	推进剂.xmind	固体推进剂/组成/固化剂和交联剂/环氧树脂类	3	concept	no	no	no	no
乙胺类	固化剂和交联剂	推进剂.xmind	固体推进剂/组成/固化剂和交联剂/乙胺类	3	concept	no	no	no	no
典型示例-TDI、IPDI、N-100	固化剂和交联剂	推进剂.xmind	固体推进剂/组成/固化剂和交联剂/典型示例-TDI、IPDI、N-100	3	concept	no	no	no	no
粘合剂	组成	推进剂.xmind	固体推进剂/组成/粘合剂	2	concept	no	no	no	no
聚丁二烯类	粘合剂	推进剂.xmind	固体推进剂/组成/粘合剂/聚丁二烯类	3	concept	no	no	no	no
聚醚类	粘合剂	推进剂.xmind	固体推进剂/组成/粘合剂/聚醚类	3	concept	no	no	no	no
叠氮类	粘合剂	推进剂.xmind	固体推进剂/组成/粘合剂/叠氮类	3	concept	no	no	no	no
典型示例-CTPB、HTPB、NEPE、GAP、BAMO、AMMO	粘合剂	推进剂.xmind	固体推进剂/组成/粘合剂/典型示例-CTPB、HTPB、NEPE、GAP、BAMO、AMMO	3	material_or_component	no	no	yes	yes
金属燃料和其他高能添加剂	组成	推进剂.xmind	固体推进剂/组成/金属燃料和其他高能添加剂	2	concept	no	no	no	no
典型示例-Al、B、AlH3、铝锂合金	金属燃料和其他高能添加剂	推进剂.xmind	固体推进剂/组成/金属燃料和其他高能添加剂/典型示例-Al、B、AlH3、铝锂合金	3	concept	no	no	no	no
氧化剂	组成	推进剂.xmind	固体推进剂/组成/氧化剂	2	concept	no	no	no	no
多氮化合物	氧化剂	推进剂.xmind	固体推进剂/组成/氧化剂/多氮化合物	3	concept	no	no	no	no
硝基化合物	氧化剂	推进剂.xmind	固体推进剂/组成/氧化剂/硝基化合物	3	concept	no	no	no	no
叠氮基化合物	氧化剂	推进剂.xmind	固体推进剂/组成/氧化剂/叠氮基化合物	3	concept	no	no	no	no
笼型立体结构	氧化剂	推进剂.xmind	固体推进剂/组成/氧化剂/笼型立体结构	3	structure_term	no	yes	no	no
硝铵	氧化剂	推进剂.xmind	固体推进剂/组成/氧化剂/硝铵	3	concept	no	no	no	no
呋咱化合物	氧化剂	推进剂.xmind	固体推进剂/组成/氧化剂/呋咱化合物	3	concept	no	no	no	no
典型示例-AP、AN、HNF、ADN、CL-20、HMX、RDX	氧化剂	推进剂.xmind	固体推进剂/组成/氧化剂/典型示例-AP、AN、HNF、ADN、CL-20、HMX、RDX	3	material_or_component	no	no	yes	yes
应用	固体推进剂	推进剂.xmind	固体推进剂/应用	1	application	no	yes	yes	no
应用分类	应用	推进剂.xmind	固体推进剂/应用/应用分类	2	application	no	yes	yes	no
能量水平	应用分类	推进剂.xmind	固体推进剂/应用/应用分类/能量水平	3	concept	no	no	no	no
高能推进剂	能量水平	推进剂.xmind	固体推进剂/应用/应用分类/能量水平/高能推进剂	4	concept	no	no	no	no
NEPE推进剂	高能推进剂	推进剂.xmind	固体推进剂/应用/应用分类/能量水平/高能推进剂/NEPE推进剂	5	concept	no	no	no	no
HEDM推进剂	高能推进剂	推进剂.xmind	固体推进剂/应用/应用分类/能量水平/高能推进剂/HEDM推进剂	5	concept	no	no	no	no
HTPB四组元推进剂	高能推进剂	推进剂.xmind	固体推进剂/应用/应用分类/能量水平/高能推进剂/HTPB四组元推进剂	5	material_or_component	no	no	yes	yes
中能推进剂	能量水平	推进剂.xmind	固体推进剂/应用/应用分类/能量水平/中能推进剂	4	concept	no	no	no	no
HTPB推进剂	中能推进剂	推进剂.xmind	固体推进剂/应用/应用分类/能量水平/中能推进剂/HTPB推进剂	5	material_or_component	no	no	yes	yes
HTPE推进剂	中能推进剂	推进剂.xmind	固体推进剂/应用/应用分类/能量水平/中能推进剂/HTPE推进剂	5	concept	no	no	no	no
HTCE推进剂	中能推进剂	推进剂.xmind	固体推进剂/应用/应用分类/能量水平/中能推进剂/HTCE推进剂	5	concept	no	no	no	no
CTPB推进剂	中能推进剂	推进剂.xmind	固体推进剂/应用/应用分类/能量水平/中能推进剂/CTPB推进剂	5	material_or_component	no	no	yes	yes
低能推进剂	能量水平	推进剂.xmind	固体推进剂/应用/应用分类/能量水平/低能推进剂	4	concept	no	no	no	no
聚硫推进剂	低能推进剂	推进剂.xmind	固体推进剂/应用/应用分类/能量水平/低能推进剂/聚硫推进剂	5	concept	no	no	no	no
聚氨酯推进剂	低能推进剂	推进剂.xmind	固体推进剂/应用/应用分类/能量水平/低能推进剂/聚氨酯推进剂	5	concept	no	no	no	no
特征信号	应用分类	推进剂.xmind	固体推进剂/应用/应用分类/特征信号	3	concept	no	no	no	no
有烟推进剂	特征信号	推进剂.xmind	固体推进剂/应用/应用分类/特征信号/有烟推进剂	4	concept	no	no	no	no
含铝推进剂	有烟推进剂	推进剂.xmind	固体推进剂/应用/应用分类/特征信号/有烟推进剂/含铝推进剂	5	concept	no	no	no	no
含卤化合物推进剂	有烟推进剂	推进剂.xmind	固体推进剂/应用/应用分类/特征信号/有烟推进剂/含卤化合物推进剂	5	concept	no	no	no	no
微烟推进剂	特征信号	推进剂.xmind	固体推进剂/应用/应用分类/特征信号/微烟推进剂	4	concept	no	no	no	no
双基推进剂	微烟推进剂	推进剂.xmind	固体推进剂/应用/应用分类/特征信号/微烟推进剂/双基推进剂	5	concept	no	no	no	no
无铝推进剂	微烟推进剂	推进剂.xmind	固体推进剂/应用/应用分类/特征信号/微烟推进剂/无铝推进剂	5	concept	no	no	no	no
无烟推进剂	特征信号	推进剂.xmind	固体推进剂/应用/应用分类/特征信号/无烟推进剂	4	concept	no	no	no	no
改性双基推进剂	无烟推进剂	推进剂.xmind	固体推进剂/应用/应用分类/特征信号/无烟推进剂/改性双基推进剂	5	concept	no	no	no	no
洁净推进剂	无烟推进剂	推进剂.xmind	固体推进剂/应用/应用分类/特征信号/无烟推进剂/洁净推进剂	5	concept	no	no	no	no
组分特性	应用分类	推进剂.xmind	固体推进剂/应用/应用分类/组分特性	3	concept	no	no	no	no
单基推进剂	组分特性	推进剂.xmind	固体推进剂/应用/应用分类/组分特性/单基推进剂	4	concept	no	no	no	no
NC推进剂	单基推进剂	推进剂.xmind	固体推进剂/应用/应用分类/组分特性/单基推进剂/NC推进剂	5	concept	no	no	no	no
双基推进剂	组分特性	推进剂.xmind	固体推进剂/应用/应用分类/组分特性/双基推进剂	4	concept	no	no	no	no
压伸双基推进剂	双基推进剂	推进剂.xmind	固体推进剂/应用/应用分类/组分特性/双基推进剂/压伸双基推进剂	5	concept	no	no	no	no
浇铸双基推进剂	双基推进剂	推进剂.xmind	固体推进剂/应用/应用分类/组分特性/双基推进剂/浇铸双基推进剂	5	concept	no	no	no	no
复合推进剂	组分特性	推进剂.xmind	固体推进剂/应用/应用分类/组分特性/复合推进剂	4	concept	no	no	no	no
HTPB推进剂	复合推进剂	推进剂.xmind	固体推进剂/应用/应用分类/组分特性/复合推进剂/HTPB推进剂	5	material_or_component	no	no	yes	yes
NEPE推进剂	复合推进剂	推进剂.xmind	固体推进剂/应用/应用分类/组分特性/复合推进剂/NEPE推进剂	5	concept	no	no	no	no
改性双基推进剂	复合推进剂	推进剂.xmind	固体推进剂/应用/应用分类/组分特性/复合推进剂/改性双基推进剂	5	concept	no	no	no	no
特种推进剂	组分特性	推进剂.xmind	固体推进剂/应用/应用分类/组分特性/特种推进剂	4	concept	no	no	no	no
凝胶推进剂	特种推进剂	推进剂.xmind	固体推进剂/应用/应用分类/组分特性/特种推进剂/凝胶推进剂	5	concept	no	no	no	no
低温推进剂	特种推进剂	推进剂.xmind	固体推进剂/应用/应用分类/组分特性/特种推进剂/低温推进剂	5	concept	no	no	no	no
燃气发生剂	特种推进剂	推进剂.xmind	固体推进剂/应用/应用分类/组分特性/特种推进剂/燃气发生剂	5	concept	no	no	no	no
富燃料推进剂	特种推进剂	推进剂.xmind	固体推进剂/应用/应用分类/组分特性/特种推进剂/富燃料推进剂	5	concept	no	no	no	no
电控推进剂	特种推进剂	推进剂.xmind	固体推进剂/应用/应用分类/组分特性/特种推进剂/电控推进剂	5	concept	no	no	no	no
固液混合推进剂	特种推进剂	推进剂.xmind	固体推进剂/应用/应用分类/组分特性/特种推进剂/固液混合推进剂	5	concept	no	no	no	no
应用领域	应用	推进剂.xmind	固体推进剂/应用/应用领域	2	application	no	yes	yes	no
军事应用	应用领域	推进剂.xmind	固体推进剂/应用/应用领域/军事应用	3	application	no	yes	yes	no
枪炮推进	军事应用	推进剂.xmind	固体推进剂/应用/应用领域/军事应用/枪炮推进	4	concept	no	no	no	no
战术导弹	军事应用	推进剂.xmind	固体推进剂/应用/应用领域/军事应用/战术导弹	4	application	no	yes	yes	no
战略导弹	军事应用	推进剂.xmind	固体推进剂/应用/应用领域/军事应用/战略导弹	4	application	no	yes	yes	no
弹射动力源	军事应用	推进剂.xmind	固体推进剂/应用/应用领域/军事应用/弹射动力源	4	concept	no	no	no	no
导弹伺服系统	军事应用	推进剂.xmind	固体推进剂/应用/应用领域/军事应用/导弹伺服系统	4	equipment	no	no	yes	no
民用	应用领域	推进剂.xmind	固体推进剂/应用/应用领域/民用	3	application	no	yes	yes	no
安全气囊	民用	推进剂.xmind	固体推进剂/应用/应用领域/民用/安全气囊	4	safety_management	no	yes	no	no
灭火器	民用	推进剂.xmind	固体推进剂/应用/应用领域/民用/灭火器	4	equipment	no	no	yes	no
压裂弹	民用	推进剂.xmind	固体推进剂/应用/应用领域/民用/压裂弹	4	concept	no	no	no	no
应急救生	民用	推进剂.xmind	固体推进剂/应用/应用领域/民用/应急救生	4	safety_management	no	yes	no	no
航天应用	应用领域	推进剂.xmind	固体推进剂/应用/应用领域/航天应用	3	application	no	yes	yes	no
助推器	航天应用	推进剂.xmind	固体推进剂/应用/应用领域/航天应用/助推器	4	equipment	no	no	yes	no
上面级	航天应用	推进剂.xmind	固体推进剂/应用/应用领域/航天应用/上面级	4	concept	no	no	no	no
姿态发动机	航天应用	推进剂.xmind	固体推进剂/应用/应用领域/航天应用/姿态发动机	4	equipment	no	no	yes	no
探空火箭	航天应用	推进剂.xmind	固体推进剂/应用/应用领域/航天应用/探空火箭	4	concept	no	no	no	no
气象火箭	航天应用	推进剂.xmind	固体推进剂/应用/应用领域/航天应用/气象火箭	4	concept	no	no	no	no
空间推进	航天应用	推进剂.xmind	固体推进剂/应用/应用领域/航天应用/空间推进	4	concept	no	no	no	no
效应需求	应用	推进剂.xmind	固体推进剂/应用/效应需求	2	concept	no	no	no	no
燃烧效应	效应需求	推进剂.xmind	固体推进剂/应用/效应需求/燃烧效应	3	concept	no	no	no	no
老化效应	效应需求	推进剂.xmind	固体推进剂/应用/效应需求/老化效应	3	concept	no	no	no	no
热效应	效应需求	推进剂.xmind	固体推进剂/应用/效应需求/热效应	3	concept	no	no	no	no
压力效应	效应需求	推进剂.xmind	固体推进剂/应用/效应需求/压力效应	3	property_metric	no	yes	no	no
应用演进	应用	推进剂.xmind	固体推进剂/应用/应用演进	2	application	no	yes	yes	no
应用历程	应用演进	推进剂.xmind	固体推进剂/应用/应用演进/应用历程	3	application	no	yes	yes	no
未来趋势	应用演进	推进剂.xmind	固体推进剂/应用/应用演进/未来趋势	3	concept	no	no	no	no
设计优化	应用	推进剂.xmind	固体推进剂/应用/设计优化	2	concept	no	no	no	no
配方设计	设计优化	推进剂.xmind	固体推进剂/应用/设计优化/配方设计	3	concept	no	no	no	no
工艺优化	设计优化	推进剂.xmind	固体推进剂/应用/设计优化/工艺优化	3	process_or_method	no	yes	no	no
过程控制	设计优化	推进剂.xmind	固体推进剂/应用/设计优化/过程控制	3	concept	no	no	no	no
安全与监管	固体推进剂	推进剂.xmind	固体推进剂/安全与监管	1	safety_management	yes	yes	no	no
识别与分类	安全与监管	推进剂.xmind	固体推进剂/安全与监管/识别与分类	2	concept	no	no	no	no
分类编码与标识	识别与分类	推进剂.xmind	固体推进剂/安全与监管/识别与分类/分类编码与标识	3	concept	no	no	no	no
危险性类别识别	识别与分类	推进剂.xmind	固体推进剂/安全与监管/识别与分类/危险性类别识别	3	safety_management	no	yes	no	no
推进剂分类标签与目录	识别与分类	推进剂.xmind	固体推进剂/安全与监管/识别与分类/推进剂分类标签与目录	3	concept	no	no	no	no
安全管理制度	安全与监管	推进剂.xmind	固体推进剂/安全与监管/安全管理制度	2	standard_or_requirement	no	yes	no	no
全生命周期安全管理	安全管理制度	推进剂.xmind	固体推进剂/安全与监管/安全管理制度/全生命周期安全管理	3	safety_management	no	yes	no	no
岗位责任与权限划分	安全管理制度	推进剂.xmind	固体推进剂/安全与监管/安全管理制度/岗位责任与权限划分	3	concept	no	no	no	no
动火作业制度	安全管理制度	推进剂.xmind	固体推进剂/安全与监管/安全管理制度/动火作业制度	3	standard_or_requirement	no	yes	no	no
有限空间./高处作业制度	安全管理制度	推进剂.xmind	固体推进剂/安全与监管/安全管理制度/有限空间./高处作业制度	3	standard_or_requirement	no	yes	no	no
生产许可证	安全管理制度	推进剂.xmind	固体推进剂/安全与监管/安全管理制度/生产许可证	3	concept	no	no	no	no
安全技术保障	安全与监管	推进剂.xmind	固体推进剂/安全与监管/安全技术保障	2	process_or_method	no	yes	no	no
工艺安全管理	安全技术保障	推进剂.xmind	固体推进剂/安全与监管/安全技术保障/工艺安全管理	3	process_or_method	no	yes	no	no
设备安全管理	安全技术保障	推进剂.xmind	固体推进剂/安全与监管/安全技术保障/设备安全管理	3	equipment	no	no	yes	no
监测预警与连锁	安全技术保障	推进剂.xmind	固体推进剂/安全与监管/安全技术保障/监测预警与连锁	3	concept	no	no	no	no
特种作业人员管理	安全技术保障	推进剂.xmind	固体推进剂/安全与监管/安全技术保障/特种作业人员管理	3	concept	no	no	no	no
自动化与过程安全	安全技术保障	推进剂.xmind	固体推进剂/安全与监管/安全技术保障/自动化与过程安全	3	safety_management	no	yes	no	no
储运与仓储安全	安全与监管	推进剂.xmind	固体推进剂/安全与监管/储运与仓储安全	2	safety_management	no	yes	no	no
基础认知体系	储运与仓储安全	推进剂.xmind	固体推进剂/安全与监管/储运与仓储安全/基础认知体系	3	concept	no	no	no	no
存储安全规范	储运与仓储安全	推进剂.xmind	固体推进剂/安全与监管/储运与仓储安全/存储安全规范	3	standard_or_requirement	no	yes	no	no
运输管理制度	储运与仓储安全	推进剂.xmind	固体推进剂/安全与监管/储运与仓储安全/运输管理制度	3	standard_or_requirement	no	yes	no	no
仓储场所设计	储运与仓储安全	推进剂.xmind	固体推进剂/安全与监管/储运与仓储安全/仓储场所设计	3	safety_management	no	yes	no	no
法规政策与标准	安全与监管	推进剂.xmind	固体推进剂/安全与监管/法规政策与标准	2	standard_or_requirement	no	yes	no	no
国内法规标准	法规政策与标准	推进剂.xmind	固体推进剂/安全与监管/法规政策与标准/国内法规标准	3	standard_or_requirement	no	yes	no	no
国际法规与标准	法规政策与标准	推进剂.xmind	固体推进剂/安全与监管/法规政策与标准/国际法规与标准	3	standard_or_requirement	no	yes	no	no
企业/行业规章制度	法规政策与标准	推进剂.xmind	固体推进剂/安全与监管/法规政策与标准/企业/行业规章制度	3	standard_or_requirement	no	yes	no	no
退出机制	法规政策与标准	推进剂.xmind	固体推进剂/安全与监管/法规政策与标准/退出机制	3	equipment	no	no	yes	no
三废处理	安全与监管	推进剂.xmind	固体推进剂/安全与监管/三废处理	2	process_or_method	no	yes	no	no
废气	三废处理	推进剂.xmind	固体推进剂/安全与监管/三废处理/废气	3	concept	no	no	no	no
废液	三废处理	推进剂.xmind	固体推进剂/安全与监管/三废处理/废液	3	concept	no	no	no	no
废渣	三废处理	推进剂.xmind	固体推进剂/安全与监管/三废处理/废渣	3	concept	no	no	no	no
销毁规章制度	三废处理	推进剂.xmind	固体推进剂/安全与监管/三废处理/销毁规章制度	3	standard_or_requirement	no	yes	no	no
应急响应与事故处置	安全与监管	推进剂.xmind	固体推进剂/安全与监管/应急响应与事故处置	2	safety_management	no	yes	no	no
典型事故类型	应急响应与事故处置	推进剂.xmind	固体推进剂/安全与监管/应急响应与事故处置/典型事故类型	3	safety_management	no	yes	no	no
应急预案编制	应急响应与事故处置	推进剂.xmind	固体推进剂/安全与监管/应急响应与事故处置/应急预案编制	3	safety_management	no	yes	no	no
应急救援体系	应急响应与事故处置	推进剂.xmind	固体推进剂/安全与监管/应急响应与事故处置/应急救援体系	3	safety_management	no	yes	no	no
事故调查与追责	应急响应与事故处置	推进剂.xmind	固体推进剂/安全与监管/应急响应与事故处置/事故调查与追责	3	safety_management	no	yes	no	no
制备与加工	固体推进剂	推进剂.xmind	固体推进剂/制备与加工	1	process_or_method	no	yes	no	no
制备工艺	制备与加工	推进剂.xmind	固体推进剂/制备与加工/制备工艺	2	process_or_method	no	yes	no	no
预混	制备工艺	推进剂.xmind	固体推进剂/制备与加工/制备工艺/预混	3	concept	no	no	no	no
混合	制备工艺	推进剂.xmind	固体推进剂/制备与加工/制备工艺/混合	3	concept	no	no	no	no
浇注	制备工艺	推进剂.xmind	固体推进剂/制备与加工/制备工艺/浇注	3	concept	no	no	no	no
固化	制备工艺	推进剂.xmind	固体推进剂/制备与加工/制备工艺/固化	3	concept	no	no	no	no
脱模	制备工艺	推进剂.xmind	固体推进剂/制备与加工/制备工艺/脱模	3	concept	no	no	no	no
整形	制备工艺	推进剂.xmind	固体推进剂/制备与加工/制备工艺/整形	3	concept	no	no	no	no
探伤	制备工艺	推进剂.xmind	固体推进剂/制备与加工/制备工艺/探伤	3	concept	no	no	no	no
回收与销毁	制备与加工	推进剂.xmind	固体推进剂/制备与加工/回收与销毁	2	concept	no	no	no	no
预处理技术	回收与销毁	推进剂.xmind	固体推进剂/制备与加工/回收与销毁/预处理技术	3	process_or_method	no	yes	no	no
安全销毁	回收与销毁	推进剂.xmind	固体推进剂/制备与加工/回收与销毁/安全销毁	3	safety_management	no	yes	no	no
资源化处理	回收与销毁	推进剂.xmind	固体推进剂/制备与加工/回收与销毁/资源化处理	3	process_or_method	no	yes	no	no
3R技术（Reduce、Reuse、Recycle）	回收与销毁	推进剂.xmind	固体推进剂/制备与加工/回收与销毁/3R技术（Reduce、Reuse、Recycle）	3	process_or_method	no	yes	no	no
合成	制备与加工	推进剂.xmind	固体推进剂/制备与加工/合成	2	process_or_method	no	yes	no	no
原材料准备与预处理	合成	推进剂.xmind	固体推进剂/制备与加工/合成/原材料准备与预处理	3	process_or_method	no	yes	no	no
原材料准备预处理	原材料准备与预处理	推进剂.xmind	固体推进剂/制备与加工/合成/原材料准备与预处理/原材料准备预处理	4	process_or_method	no	yes	no	no
核心反应类型与机理	原材料准备与预处理	推进剂.xmind	固体推进剂/制备与加工/合成/原材料准备与预处理/核心反应类型与机理	4	process_or_method	no	yes	no	no
反应工艺条件与控制	原材料准备与预处理	推进剂.xmind	固体推进剂/制备与加工/合成/原材料准备与预处理/反应工艺条件与控制	4	process_or_method	no	yes	no	no
中间提取与纯化	原材料准备与预处理	推进剂.xmind	固体推进剂/制备与加工/合成/原材料准备与预处理/中间提取与纯化	4	concept	no	no	no	no
产品后处理	原材料准备与预处理	推进剂.xmind	固体推进剂/制备与加工/合成/原材料准备与预处理/产品后处理	4	process_or_method	no	yes	no	no
典型工艺路线	原材料准备与预处理	推进剂.xmind	固体推进剂/制备与加工/合成/原材料准备与预处理/典型工艺路线	4	process_or_method	no	yes	no	no
标准工艺规范	原材料准备与预处理	推进剂.xmind	固体推进剂/制备与加工/合成/原材料准备与预处理/标准工艺规范	4	process_or_method	no	yes	no	no
合成设备与放大工艺	合成	推进剂.xmind	固体推进剂/制备与加工/合成/合成设备与放大工艺	3	process_or_method	no	yes	no	no
搅拌反应釜、滴加系统	合成设备与放大工艺	推进剂.xmind	固体推进剂/制备与加工/合成/合成设备与放大工艺/搅拌反应釜、滴加系统	4	process_or_method	no	yes	no	no
恒温控温装置	合成设备与放大工艺	推进剂.xmind	固体推进剂/制备与加工/合成/合成设备与放大工艺/恒温控温装置	4	equipment	no	no	yes	no
管道硝化	合成设备与放大工艺	推进剂.xmind	固体推进剂/制备与加工/合成/合成设备与放大工艺/管道硝化	4	material_or_component	no	no	yes	yes
流程放大参数调整	合成设备与放大工艺	推进剂.xmind	固体推进剂/制备与加工/合成/合成设备与放大工艺/流程放大参数调整	4	process_or_method	no	yes	no	no
Pilot-plant到工业化生产路径	合成设备与放大工艺	推进剂.xmind	固体推进剂/制备与加工/合成/合成设备与放大工艺/Pilot-plant到工业化生产路径	4	concept	no	no	no	no
生产管理	制备与加工	推进剂.xmind	固体推进剂/制备与加工/生产管理	2	concept	no	no	no	no
智慧管控	生产管理	推进剂.xmind	固体推进剂/制备与加工/生产管理/智慧管控	3	concept	no	no	no	no
MES系统	生产管理	推进剂.xmind	固体推进剂/制备与加工/生产管理/MES系统	3	equipment	no	no	yes	no
产线	生产管理	推进剂.xmind	固体推进剂/制备与加工/生产管理/产线	3	concept	no	no	no	no
危化品二次反应防控	生产管理	推进剂.xmind	固体推进剂/制备与加工/生产管理/危化品二次反应防控	3	process_or_method	no	yes	no	no
废液废气处理与环保要求	生产管理	推进剂.xmind	固体推进剂/制备与加工/生产管理/废液废气处理与环保要求	3	process_or_method	no	yes	no	no
工艺安全与质量控制	生产管理	推进剂.xmind	固体推进剂/制备与加工/生产管理/工艺安全与质量控制	3	process_or_method	no	yes	no	no
单质炸药		DZZY.xmind	单质炸药	0	concept	yes	no	no	no
性质/性能	单质炸药	DZZY.xmind	单质炸药/性质/性能	1	concept	yes	no	no	no
基础理化性质	性质/性能	DZZY.xmind	单质炸药/性质/性能/基础理化性质	2	concept	no	no	no	no
外观性质	基础理化性质	DZZY.xmind	单质炸药/性质/性能/基础理化性质/外观性质	3	concept	no	no	no	no
密度	基础理化性质	DZZY.xmind	单质炸药/性质/性能/基础理化性质/密度	3	property_metric	no	yes	no	no
热性质	基础理化性质	DZZY.xmind	单质炸药/性质/性能/基础理化性质/热性质	3	concept	no	no	no	no
光学性质	基础理化性质	DZZY.xmind	单质炸药/性质/性能/基础理化性质/光学性质	3	concept	no	no	no	no
电学性质	基础理化性质	DZZY.xmind	单质炸药/性质/性能/基础理化性质/电学性质	3	concept	no	no	no	no
谱学性质	基础理化性质	DZZY.xmind	单质炸药/性质/性能/基础理化性质/谱学性质	3	concept	no	no	no	no
化学反应性	基础理化性质	DZZY.xmind	单质炸药/性质/性能/基础理化性质/化学反应性	3	process_or_method	no	yes	no	no
熔/沸点	基础理化性质	DZZY.xmind	单质炸药/性质/性能/基础理化性质/熔/沸点	3	concept	no	no	no	no
闪点	基础理化性质	DZZY.xmind	单质炸药/性质/性能/基础理化性质/闪点	3	concept	no	no	no	no
蒸汽压	基础理化性质	DZZY.xmind	单质炸药/性质/性能/基础理化性质/蒸汽压	3	concept	no	no	no	no
表界面性质	基础理化性质	DZZY.xmind	单质炸药/性质/性能/基础理化性质/表界面性质	3	structure_term	no	yes	no	no
能量性质	性质/性能	DZZY.xmind	单质炸药/性质/性能/能量性质	2	concept	no	no	no	no
爆速	能量性质	DZZY.xmind	单质炸药/性质/性能/能量性质/爆速	3	property_metric	no	yes	no	no
爆压	能量性质	DZZY.xmind	单质炸药/性质/性能/能量性质/爆压	3	property_metric	no	yes	no	no
爆热	能量性质	DZZY.xmind	单质炸药/性质/性能/能量性质/爆热	3	property_metric	no	yes	no	no
爆容/爆温	能量性质	DZZY.xmind	单质炸药/性质/性能/能量性质/爆容/爆温	3	property_metric	no	yes	no	no
金属加速能力	能量性质	DZZY.xmind	单质炸药/性质/性能/能量性质/金属加速能力	3	concept	no	no	no	no
猛度	能量性质	DZZY.xmind	单质炸药/性质/性能/能量性质/猛度	3	concept	no	no	no	no
理论与模拟方法	能量性质	DZZY.xmind	单质炸药/性质/性能/能量性质/理论与模拟方法	3	process_or_method	no	yes	no	no
安全性能	性质/性能	DZZY.xmind	单质炸药/性质/性能/安全性能	2	safety_management	no	yes	no	no
闪点	安全性能	DZZY.xmind	单质炸药/性质/性能/安全性能/闪点	3	concept	no	no	no	no
爆炸极限	安全性能	DZZY.xmind	单质炸药/性质/性能/安全性能/爆炸极限	3	concept	no	no	no	no
毒性	安全性能	DZZY.xmind	单质炸药/性质/性能/安全性能/毒性	3	concept	no	no	no	no
热安全性	安全性能	DZZY.xmind	单质炸药/性质/性能/安全性能/热安全性	3	safety_management	no	yes	no	no
力安全性	安全性能	DZZY.xmind	单质炸药/性质/性能/安全性能/力安全性	3	safety_management	no	yes	no	no
冲击波安全性	安全性能	DZZY.xmind	单质炸药/性质/性能/安全性能/冲击波安全性	3	safety_management	no	yes	no	no
生物降解性	安全性能	DZZY.xmind	单质炸药/性质/性能/安全性能/生物降解性	3	concept	no	no	no	no
理论与模拟方法	安全性能	DZZY.xmind	单质炸药/性质/性能/安全性能/理论与模拟方法	3	process_or_method	no	yes	no	no
力学性能	性质/性能	DZZY.xmind	单质炸药/性质/性能/力学性能	2	concept	no	no	no	no
弹性性质	力学性能	DZZY.xmind	单质炸药/性质/性能/力学性能/弹性性质	3	concept	no	no	no	no
塑性性质	力学性能	DZZY.xmind	单质炸药/性质/性能/力学性能/塑性性质	3	concept	no	no	no	no
蠕变与应力松弛	力学性能	DZZY.xmind	单质炸药/性质/性能/力学性能/蠕变与应力松弛	3	concept	no	no	no	no
动态力学性质	力学性能	DZZY.xmind	单质炸药/性质/性能/力学性能/动态力学性质	3	concept	no	no	no	no
断裂与损伤性质	力学性能	DZZY.xmind	单质炸药/性质/性能/力学性能/断裂与损伤性质	3	concept	no	no	no	no
硬度	力学性能	DZZY.xmind	单质炸药/性质/性能/力学性能/硬度	3	concept	no	no	no	no
冲击强度	力学性能	DZZY.xmind	单质炸药/性质/性能/力学性能/冲击强度	3	property_metric	no	yes	no	no
理论与模拟方法	力学性能	DZZY.xmind	单质炸药/性质/性能/力学性能/理论与模拟方法	3	process_or_method	no	yes	no	no
相容性	性质/性能	DZZY.xmind	单质炸药/性质/性能/相容性	2	property_metric	no	yes	no	no
老化性能	性质/性能	DZZY.xmind	单质炸药/性质/性能/老化性能	2	concept	no	no	no	no
操作与储运性质	性质/性能	DZZY.xmind	单质炸药/性质/性能/操作与储运性质	2	safety_management	no	yes	no	no
相关学科关联	性质/性能	DZZY.xmind	单质炸药/性质/性能/相关学科关联	2	concept	no	no	no	no
结构	单质炸药	DZZY.xmind	单质炸药/结构	1	structure_term	no	yes	no	no
分子结构**	结构	DZZY.xmind	单质炸药/结构/分子结构**	2	structure_term	no	yes	no	no
分子结构表达	分子结构**	DZZY.xmind	单质炸药/结构/分子结构**/分子结构表达	3	structure_term	no	yes	no	no
线性编码	分子结构表达	DZZY.xmind	单质炸药/结构/分子结构**/分子结构表达/线性编码	4	concept	no	no	no	no
IUPAC命名	线性编码	DZZY.xmind	单质炸药/结构/分子结构**/分子结构表达/线性编码/IUPAC命名	5	concept	no	no	no	no
SMILES编码	线性编码	DZZY.xmind	单质炸药/结构/分子结构**/分子结构表达/线性编码/SMILES编码	5	concept	no	no	no	no
InChI编码	线性编码	DZZY.xmind	单质炸药/结构/分子结构**/分子结构表达/线性编码/InChI编码	5	concept	no	no	no	no
InChI Key编码	线性编码	DZZY.xmind	单质炸药/结构/分子结构**/分子结构表达/线性编码/InChI Key编码	5	concept	no	no	no	no
二维结构	分子结构表达	DZZY.xmind	单质炸药/结构/分子结构**/分子结构表达/二维结构	4	structure_term	no	yes	no	no
图结构	二维结构	DZZY.xmind	单质炸药/结构/分子结构**/分子结构表达/二维结构/图结构	5	structure_term	no	yes	no	no
路易斯结构	图结构	DZZY.xmind	单质炸药/结构/分子结构**/分子结构表达/二维结构/图结构/路易斯结构	6	structure_term	no	yes	no	no
凯库勒结构	图结构	DZZY.xmind	单质炸药/结构/分子结构**/分子结构表达/二维结构/图结构/凯库勒结构	6	structure_term	no	yes	no	no
简化线键式	图结构	DZZY.xmind	单质炸药/结构/分子结构**/分子结构表达/二维结构/图结构/简化线键式	6	concept	no	no	no	no
投影式结构	图结构	DZZY.xmind	单质炸药/结构/分子结构**/分子结构表达/二维结构/图结构/投影式结构	6	structure_term	no	yes	no	no
符号结构	二维结构	DZZY.xmind	单质炸药/结构/分子结构**/分子结构表达/二维结构/符号结构	5	structure_term	no	yes	no	no
缩写式结构	符号结构	DZZY.xmind	单质炸药/结构/分子结构**/分子结构表达/二维结构/符号结构/缩写式结构	6	structure_term	no	yes	no	no
功能基团符号	符号结构	DZZY.xmind	单质炸药/结构/分子结构**/分子结构表达/二维结构/符号结构/功能基团符号	6	concept	no	no	no	no
文本结构	二维结构	DZZY.xmind	单质炸药/结构/分子结构**/分子结构表达/二维结构/文本结构	5	structure_term	no	yes	no	no
Mol格式	文本结构	DZZY.xmind	单质炸药/结构/分子结构**/分子结构表达/二维结构/文本结构/Mol格式	6	concept	no	no	no	no
CDX格式	文本结构	DZZY.xmind	单质炸药/结构/分子结构**/分子结构表达/二维结构/文本结构/CDX格式	6	concept	no	no	no	no
三维结构	分子结构表达	DZZY.xmind	单质炸药/结构/分子结构**/分子结构表达/三维结构	4	structure_term	no	yes	no	no
符号结构	三维结构	DZZY.xmind	单质炸药/结构/分子结构**/分子结构表达/三维结构/符号结构	5	structure_term	no	yes	no	no
球棍结构	符号结构	DZZY.xmind	单质炸药/结构/分子结构**/分子结构表达/三维结构/符号结构/球棍结构	6	structure_term	no	yes	no	no
CPK结构	符号结构	DZZY.xmind	单质炸药/结构/分子结构**/分子结构表达/三维结构/符号结构/CPK结构	6	structure_term	no	yes	no	no
文本结构	三维结构	DZZY.xmind	单质炸药/结构/分子结构**/分子结构表达/三维结构/文本结构	5	structure_term	no	yes	no	no
Mol2格式	文本结构	DZZY.xmind	单质炸药/结构/分子结构**/分子结构表达/三维结构/文本结构/Mol2格式	6	concept	no	no	no	no
PDB格式	文本结构	DZZY.xmind	单质炸药/结构/分子结构**/分子结构表达/三维结构/文本结构/PDB格式	6	concept	no	no	no	no
分子设计	分子结构**	DZZY.xmind	单质炸药/结构/分子结构**/分子设计	3	structure_term	no	yes	no	no
设计理论基础	分子设计	DZZY.xmind	单质炸药/结构/分子结构**/分子设计/设计理论基础	4	concept	no	no	no	no
密度-能量水平关联	设计理论基础	DZZY.xmind	单质炸药/结构/分子结构**/分子设计/设计理论基础/密度-能量水平关联	5	property_metric	no	yes	no	no
高能致爆基团设计	设计理论基础	DZZY.xmind	单质炸药/结构/分子结构**/分子设计/设计理论基础/高能致爆基团设计	5	concept	no	no	no	no
化学键能	设计理论基础	DZZY.xmind	单质炸药/结构/分子结构**/分子设计/设计理论基础/化学键能	5	concept	no	no	no	no
生成焓	设计理论基础	DZZY.xmind	单质炸药/结构/分子结构**/分子设计/设计理论基础/生成焓	5	concept	no	no	no	no
氧平衡	设计理论基础	DZZY.xmind	单质炸药/结构/分子结构**/分子设计/设计理论基础/氧平衡	5	concept	no	no	no	no
氮含量	设计理论基础	DZZY.xmind	单质炸药/结构/分子结构**/分子设计/设计理论基础/氮含量	5	concept	no	no	no	no
分子内/间弱相互作用	设计理论基础	DZZY.xmind	单质炸药/结构/分子结构**/分子设计/设计理论基础/分子内/间弱相互作用	5	structure_term	no	yes	no	no
氢转移	设计理论基础	DZZY.xmind	单质炸药/结构/分子结构**/分子设计/设计理论基础/氢转移	5	concept	no	no	no	no
分子平面性	设计理论基础	DZZY.xmind	单质炸药/结构/分子结构**/分子设计/设计理论基础/分子平面性	5	structure_term	no	yes	no	no
电子结构	设计理论基础	DZZY.xmind	单质炸药/结构/分子结构**/分子设计/设计理论基础/电子结构	5	structure_term	no	yes	no	no
结构设计	分子设计	DZZY.xmind	单质炸药/结构/分子结构**/分子设计/结构设计	4	structure_term	no	yes	no	no
分子骨架设计	结构设计	DZZY.xmind	单质炸药/结构/分子结构**/分子设计/结构设计/分子骨架设计	5	structure_term	no	yes	no	no
取代基调控设计	结构设计	DZZY.xmind	单质炸药/结构/分子结构**/分子设计/结构设计/取代基调控设计	5	concept	no	no	no	no
基团选择与组合	结构设计	DZZY.xmind	单质炸药/结构/分子结构**/分子设计/结构设计/基团选择与组合	5	concept	no	no	no	no
结构衍生化	结构设计	DZZY.xmind	单质炸药/结构/分子结构**/分子设计/结构设计/结构衍生化	5	structure_term	no	yes	no	no
共轭结构	结构设计	DZZY.xmind	单质炸药/结构/分子结构**/分子设计/结构设计/共轭结构	5	structure_term	no	yes	no	no
对称性	结构设计	DZZY.xmind	单质炸药/结构/分子结构**/分子设计/结构设计/对称性	5	concept	no	no	no	no
同分异构	结构设计	DZZY.xmind	单质炸药/结构/分子结构**/分子设计/结构设计/同分异构	5	concept	no	no	no	no
可合成性	结构设计	DZZY.xmind	单质炸药/结构/分子结构**/分子设计/结构设计/可合成性	5	process_or_method	no	yes	no	no
性质预测与筛选	分子设计	DZZY.xmind	单质炸药/结构/分子结构**/分子设计/性质预测与筛选	4	concept	no	no	no	no
理论计算性质预测	性质预测与筛选	DZZY.xmind	单质炸药/结构/分子结构**/分子设计/性质预测与筛选/理论计算性质预测	5	concept	no	no	no	no
经验/半经验性质预测	性质预测与筛选	DZZY.xmind	单质炸药/结构/分子结构**/分子设计/性质预测与筛选/经验/半经验性质预测	5	concept	no	no	no	no
人工智能性质预测	性质预测与筛选	DZZY.xmind	单质炸药/结构/分子结构**/分子设计/性质预测与筛选/人工智能性质预测	5	concept	no	no	no	no
单目标预测筛选	性质预测与筛选	DZZY.xmind	单质炸药/结构/分子结构**/分子设计/性质预测与筛选/单目标预测筛选	5	concept	no	no	no	no
多目标预测筛选	性质预测与筛选	DZZY.xmind	单质炸药/结构/分子结构**/分子设计/性质预测与筛选/多目标预测筛选	5	concept	no	no	no	no
软件、平台与数据库	性质预测与筛选	DZZY.xmind	单质炸药/结构/分子结构**/分子设计/性质预测与筛选/软件、平台与数据库	5	application	no	yes	yes	no
方法工具	分子设计	DZZY.xmind	单质炸药/结构/分子结构**/分子设计/方法工具	4	process_or_method	no	yes	no	no
量子化学	方法工具	DZZY.xmind	单质炸药/结构/分子结构**/分子设计/方法工具/量子化学	5	concept	no	no	no	no
分子动力学	方法工具	DZZY.xmind	单质炸药/结构/分子结构**/分子设计/方法工具/分子动力学	5	structure_term	no	yes	no	no
定量构效关系	方法工具	DZZY.xmind	单质炸药/结构/分子结构**/分子设计/方法工具/定量构效关系	5	concept	no	no	no	no
高通量虚拟筛选	方法工具	DZZY.xmind	单质炸药/结构/分子结构**/分子设计/方法工具/高通量虚拟筛选	5	concept	no	no	no	no
生成式设计	方法工具	DZZY.xmind	单质炸药/结构/分子结构**/分子设计/方法工具/生成式设计	5	concept	no	no	no	no
专用设计工具	方法工具	DZZY.xmind	单质炸药/结构/分子结构**/分子设计/方法工具/专用设计工具	5	concept	no	no	no	no
晶体结构	结构	DZZY.xmind	单质炸药/结构/晶体结构	2	structure_term	no	yes	no	no
晶体结构	晶体结构	DZZY.xmind	单质炸药/结构/晶体结构/晶体结构	3	structure_term	no	yes	no	no
晶体设计	晶体结构	DZZY.xmind	单质炸药/结构/晶体结构/晶体设计	3	structure_term	no	yes	no	no
设计理论	晶体设计	DZZY.xmind	单质炸药/结构/晶体结构/晶体设计/设计理论	4	concept	no	no	no	no
晶体密度-爆轰性质关联	设计理论	DZZY.xmind	单质炸药/结构/晶体结构/晶体设计/设计理论/晶体密度-爆轰性质关联	5	property_metric	no	yes	no	no
堆积模式-感度关联	设计理论	DZZY.xmind	单质炸药/结构/晶体结构/晶体设计/设计理论/堆积模式-感度关联	5	property_metric	no	yes	no	no
晶体结构-安全性能关联	设计理论	DZZY.xmind	单质炸药/结构/晶体结构/晶体设计/设计理论/晶体结构-安全性能关联	5	structure_term	no	yes	no	no
晶格能	设计理论	DZZY.xmind	单质炸药/结构/晶体结构/晶体设计/设计理论/晶格能	5	concept	no	no	no	no
多晶型与相变	设计理论	DZZY.xmind	单质炸药/结构/晶体结构/晶体设计/设计理论/多晶型与相变	5	concept	no	no	no	no
分子间相互作用	设计理论	DZZY.xmind	单质炸药/结构/晶体结构/晶体设计/设计理论/分子间相互作用	5	structure_term	no	yes	no	no
分子表面静电势	设计理论	DZZY.xmind	单质炸药/结构/晶体结构/晶体设计/设计理论/分子表面静电势	5	structure_term	no	yes	no	no
空间位阻平衡	设计理论	DZZY.xmind	单质炸药/结构/晶体结构/晶体设计/设计理论/空间位阻平衡	5	concept	no	no	no	no
晶体结构搜索	设计理论	DZZY.xmind	单质炸药/结构/晶体结构/晶体设计/设计理论/晶体结构搜索	5	structure_term	no	yes	no	no
结构设计	晶体设计	DZZY.xmind	单质炸药/结构/晶体结构/晶体设计/结构设计	4	structure_term	no	yes	no	no
晶体工程	结构设计	DZZY.xmind	单质炸药/结构/晶体结构/晶体设计/结构设计/晶体工程	5	structure_term	no	yes	no	no
分子间相互作用	结构设计	DZZY.xmind	单质炸药/结构/晶体结构/晶体设计/结构设计/分子间相互作用	5	structure_term	no	yes	no	no
位错/空位	结构设计	DZZY.xmind	单质炸药/结构/晶体结构/晶体设计/结构设计/位错/空位	5	concept	no	no	no	no
共晶	结构设计	DZZY.xmind	单质炸药/结构/晶体结构/晶体设计/结构设计/共晶	5	concept	no	no	no	no
插层/掺杂	结构设计	DZZY.xmind	单质炸药/结构/晶体结构/晶体设计/结构设计/插层/掺杂	5	concept	no	no	no	no
层状/滑移结构设计	结构设计	DZZY.xmind	单质炸药/结构/晶体结构/晶体设计/结构设计/层状/滑移结构设计	5	structure_term	no	yes	no	no
高堆积系数	结构设计	DZZY.xmind	单质炸药/结构/晶体结构/晶体设计/结构设计/高堆积系数	5	property_metric	no	yes	no	no
织构设计	结构设计	DZZY.xmind	单质炸药/结构/晶体结构/晶体设计/结构设计/织构设计	5	concept	no	no	no	no
性质预测与筛选	晶体设计	DZZY.xmind	单质炸药/结构/晶体结构/晶体设计/性质预测与筛选	4	concept	no	no	no	no
理论计算性质预测	性质预测与筛选	DZZY.xmind	单质炸药/结构/晶体结构/晶体设计/性质预测与筛选/理论计算性质预测	5	concept	no	no	no	no
经验/半经验性质预测	性质预测与筛选	DZZY.xmind	单质炸药/结构/晶体结构/晶体设计/性质预测与筛选/经验/半经验性质预测	5	concept	no	no	no	no
人工智能性质预测	性质预测与筛选	DZZY.xmind	单质炸药/结构/晶体结构/晶体设计/性质预测与筛选/人工智能性质预测	5	concept	no	no	no	no
单目标预测筛选	性质预测与筛选	DZZY.xmind	单质炸药/结构/晶体结构/晶体设计/性质预测与筛选/单目标预测筛选	5	concept	no	no	no	no
多目标预测筛选	性质预测与筛选	DZZY.xmind	单质炸药/结构/晶体结构/晶体设计/性质预测与筛选/多目标预测筛选	5	concept	no	no	no	no
方法工具	晶体设计	DZZY.xmind	单质炸药/结构/晶体结构/晶体设计/方法工具	4	process_or_method	no	yes	no	no
分子模拟程序	方法工具	DZZY.xmind	单质炸药/结构/晶体结构/晶体设计/方法工具/分子模拟程序	5	structure_term	no	yes	no	no
晶体结构预测程序	方法工具	DZZY.xmind	单质炸药/结构/晶体结构/晶体设计/方法工具/晶体结构预测程序	5	structure_term	no	yes	no	no
爆轰性质预测程序	方法工具	DZZY.xmind	单质炸药/结构/晶体结构/晶体设计/方法工具/爆轰性质预测程序	5	concept	no	no	no	no
基础理化性质预测程序	方法工具	DZZY.xmind	单质炸药/结构/晶体结构/晶体设计/方法工具/基础理化性质预测程序	5	concept	no	no	no	no
力学性能预测程序	方法工具	DZZY.xmind	单质炸药/结构/晶体结构/晶体设计/方法工具/力学性能预测程序	5	concept	no	no	no	no
安全性能预测程序	方法工具	DZZY.xmind	单质炸药/结构/晶体结构/晶体设计/方法工具/安全性能预测程序	5	safety_management	no	yes	no	no
晶体结构数据库	方法工具	DZZY.xmind	单质炸药/结构/晶体结构/晶体设计/方法工具/晶体结构数据库	5	structure_term	no	yes	no	no
相关学科关联	结构	DZZY.xmind	单质炸药/结构/相关学科关联	2	concept	no	no	no	no
组成	单质炸药	DZZY.xmind	单质炸药/组成	1	concept	yes	no	no	no
分子组成	组成	DZZY.xmind	单质炸药/组成/分子组成	2	structure_term	no	yes	no	no
按子结构划分	分子组成	DZZY.xmind	单质炸药/组成/分子组成/按子结构划分	3	structure_term	no	yes	no	no
硝基类	按子结构划分	DZZY.xmind	单质炸药/组成/分子组成/按子结构划分/硝基类	4	concept	no	no	no	no
硝胺类	按子结构划分	DZZY.xmind	单质炸药/组成/分子组成/按子结构划分/硝胺类	4	concept	no	no	no	no
硝酸酯类	按子结构划分	DZZY.xmind	单质炸药/组成/分子组成/按子结构划分/硝酸酯类	4	material_or_component	no	no	yes	yes
叠氮类	按子结构划分	DZZY.xmind	单质炸药/组成/分子组成/按子结构划分/叠氮类	4	concept	no	no	no	no
呋咱类	按子结构划分	DZZY.xmind	单质炸药/组成/分子组成/按子结构划分/呋咱类	4	concept	no	no	no	no
唑类	按子结构划分	DZZY.xmind	单质炸药/组成/分子组成/按子结构划分/唑类	4	concept	no	no	no	no
笼型	按子结构划分	DZZY.xmind	单质炸药/组成/分子组成/按子结构划分/笼型	4	concept	no	no	no	no
稠环类	按子结构划分	DZZY.xmind	单质炸药/组成/分子组成/按子结构划分/稠环类	4	concept	no	no	no	no
按元素划分	分子组成	DZZY.xmind	单质炸药/组成/分子组成/按元素划分	3	concept	no	no	no	no
CHNO类	按元素划分	DZZY.xmind	单质炸药/组成/分子组成/按元素划分/CHNO类	4	concept	no	no	no	no
金属氢	按元素划分	DZZY.xmind	单质炸药/组成/分子组成/按元素划分/金属氢	4	concept	no	no	no	no
CO类	按元素划分	DZZY.xmind	单质炸药/组成/分子组成/按元素划分/CO类	4	concept	no	no	no	no
OH类	按元素划分	DZZY.xmind	单质炸药/组成/分子组成/按元素划分/OH类	4	concept	no	no	no	no
含金属	按元素划分	DZZY.xmind	单质炸药/组成/分子组成/按元素划分/含金属	4	concept	no	no	no	no
含卤素	按元素划分	DZZY.xmind	单质炸药/组成/分子组成/按元素划分/含卤素	4	concept	no	no	no	no
全氮	按元素划分	DZZY.xmind	单质炸药/组成/分子组成/按元素划分/全氮	4	concept	no	no	no	no
按应用划分	分子组成	DZZY.xmind	单质炸药/组成/分子组成/按应用划分	3	application	no	yes	yes	no
起爆药	按应用划分	DZZY.xmind	单质炸药/组成/分子组成/按应用划分/起爆药	4	concept	no	no	no	no
主炸药	按应用划分	DZZY.xmind	单质炸药/组成/分子组成/按应用划分/主炸药	4	concept	no	no	no	no
传爆药	按应用划分	DZZY.xmind	单质炸药/组成/分子组成/按应用划分/传爆药	4	concept	no	no	no	no
民用爆破	按应用划分	DZZY.xmind	单质炸药/组成/分子组成/按应用划分/民用爆破	4	application	no	yes	yes	no
生物战剂	按应用划分	DZZY.xmind	单质炸药/组成/分子组成/按应用划分/生物战剂	4	concept	no	no	no	no
其他	按应用划分	DZZY.xmind	单质炸药/组成/分子组成/按应用划分/其他	4	concept	no	no	no	no
晶体组成	组成	DZZY.xmind	单质炸药/组成/晶体组成	2	structure_term	no	yes	no	no
典型晶体类型	晶体组成	DZZY.xmind	单质炸药/组成/晶体组成/典型晶体类型	3	structure_term	no	yes	no	no
分子晶体	典型晶体类型	DZZY.xmind	单质炸药/组成/晶体组成/典型晶体类型/分子晶体	4	structure_term	no	yes	no	no
离子晶体	典型晶体类型	DZZY.xmind	单质炸药/组成/晶体组成/典型晶体类型/离子晶体	4	structure_term	no	yes	no	no
原子晶体	典型晶体类型	DZZY.xmind	单质炸药/组成/晶体组成/典型晶体类型/原子晶体	4	structure_term	no	yes	no	no
金属晶体	典型晶体类型	DZZY.xmind	单质炸药/组成/晶体组成/典型晶体类型/金属晶体	4	structure_term	no	yes	no	no
混合晶体	典型晶体类型	DZZY.xmind	单质炸药/组成/晶体组成/典型晶体类型/混合晶体	4	structure_term	no	yes	no	no
共晶	典型晶体类型	DZZY.xmind	单质炸药/组成/晶体组成/典型晶体类型/共晶	4	concept	no	no	no	no
相关学科关联	组成	DZZY.xmind	单质炸药/组成/相关学科关联	2	concept	no	no	no	no
应用	单质炸药	DZZY.xmind	单质炸药/应用	1	application	no	yes	yes	no
应用领域	应用	DZZY.xmind	单质炸药/应用/应用领域	2	application	no	yes	yes	no
军事	应用领域	DZZY.xmind	单质炸药/应用/应用领域/军事	3	application	no	yes	yes	no
民用	应用领域	DZZY.xmind	单质炸药/应用/应用领域/民用	3	application	no	yes	yes	no
特殊场景	应用领域	DZZY.xmind	单质炸药/应用/应用领域/特殊场景	3	application	no	yes	yes	no
性质/性能适配	应用	DZZY.xmind	单质炸药/应用/性质/性能适配	2	concept	no	no	no	no
应用场景演进	应用	DZZY.xmind	单质炸药/应用/应用场景演进	2	application	no	yes	yes	no
应用历程	应用场景演进	DZZY.xmind	单质炸药/应用/应用场景演进/应用历程	3	application	no	yes	yes	no
未来趋势	应用场景演进	DZZY.xmind	单质炸药/应用/应用场景演进/未来趋势	3	concept	no	no	no	no
安全与监管	单质炸药	DZZY.xmind	单质炸药/安全与监管	1	safety_management	yes	yes	no	no
识别与分类	安全与监管	DZZY.xmind	单质炸药/安全与监管/识别与分类	2	concept	no	no	no	no
单质炸药分类标签与目录	识别与分类	DZZY.xmind	单质炸药/安全与监管/识别与分类/单质炸药分类标签与目录	3	concept	no	no	no	no
危险性类别识别	识别与分类	DZZY.xmind	单质炸药/安全与监管/识别与分类/危险性类别识别	3	safety_management	no	yes	no	no
分类编码与标识	识别与分类	DZZY.xmind	单质炸药/安全与监管/识别与分类/分类编码与标识	3	concept	no	no	no	no
安全管理制度	安全与监管	DZZY.xmind	单质炸药/安全与监管/安全管理制度	2	standard_or_requirement	no	yes	no	no
全生命周期安全管理	安全管理制度	DZZY.xmind	单质炸药/安全与监管/安全管理制度/全生命周期安全管理	3	safety_management	no	yes	no	no
岗位责任与权限划分	安全管理制度	DZZY.xmind	单质炸药/安全与监管/安全管理制度/岗位责任与权限划分	3	concept	no	no	no	no
动火作业制度	安全管理制度	DZZY.xmind	单质炸药/安全与监管/安全管理制度/动火作业制度	3	standard_or_requirement	no	yes	no	no
有限空间/高处作业制度	安全管理制度	DZZY.xmind	单质炸药/安全与监管/安全管理制度/有限空间/高处作业制度	3	standard_or_requirement	no	yes	no	no
安全技术保障	安全与监管	DZZY.xmind	单质炸药/安全与监管/安全技术保障	2	process_or_method	no	yes	no	no
工艺安全管理	安全技术保障	DZZY.xmind	单质炸药/安全与监管/安全技术保障/工艺安全管理	3	process_or_method	no	yes	no	no
设备安全管理	安全技术保障	DZZY.xmind	单质炸药/安全与监管/安全技术保障/设备安全管理	3	equipment	no	no	yes	no
监测预警与连锁	安全技术保障	DZZY.xmind	单质炸药/安全与监管/安全技术保障/监测预警与连锁	3	concept	no	no	no	no
特种作业人员管理	安全技术保障	DZZY.xmind	单质炸药/安全与监管/安全技术保障/特种作业人员管理	3	concept	no	no	no	no
自动化与过程安全	安全技术保障	DZZY.xmind	单质炸药/安全与监管/安全技术保障/自动化与过程安全	3	safety_management	no	yes	no	no
储运与仓储安全	安全与监管	DZZY.xmind	单质炸药/安全与监管/储运与仓储安全	2	safety_management	no	yes	no	no
基础认知体系	储运与仓储安全	DZZY.xmind	单质炸药/安全与监管/储运与仓储安全/基础认知体系	3	concept	no	no	no	no
存储安全规范	储运与仓储安全	DZZY.xmind	单质炸药/安全与监管/储运与仓储安全/存储安全规范	3	standard_or_requirement	no	yes	no	no
运输管理制度	储运与仓储安全	DZZY.xmind	单质炸药/安全与监管/储运与仓储安全/运输管理制度	3	standard_or_requirement	no	yes	no	no
仓储场所设计	储运与仓储安全	DZZY.xmind	单质炸药/安全与监管/储运与仓储安全/仓储场所设计	3	safety_management	no	yes	no	no
应急响应与事故处置	安全与监管	DZZY.xmind	单质炸药/安全与监管/应急响应与事故处置	2	safety_management	no	yes	no	no
典型事故类型	应急响应与事故处置	DZZY.xmind	单质炸药/安全与监管/应急响应与事故处置/典型事故类型	3	safety_management	no	yes	no	no
应急预案编制	应急响应与事故处置	DZZY.xmind	单质炸药/安全与监管/应急响应与事故处置/应急预案编制	3	safety_management	no	yes	no	no
应急救援体系	应急响应与事故处置	DZZY.xmind	单质炸药/安全与监管/应急响应与事故处置/应急救援体系	3	safety_management	no	yes	no	no
事故调查与追责	应急响应与事故处置	DZZY.xmind	单质炸药/安全与监管/应急响应与事故处置/事故调查与追责	3	safety_management	no	yes	no	no
法规政策与标准	安全与监管	DZZY.xmind	单质炸药/安全与监管/法规政策与标准	2	standard_or_requirement	no	yes	no	no
国内法规标准	法规政策与标准	DZZY.xmind	单质炸药/安全与监管/法规政策与标准/国内法规标准	3	standard_or_requirement	no	yes	no	no
国际法规与标准	法规政策与标准	DZZY.xmind	单质炸药/安全与监管/法规政策与标准/国际法规与标准	3	standard_or_requirement	no	yes	no	no
企业/行业规章制度	法规政策与标准	DZZY.xmind	单质炸药/安全与监管/法规政策与标准/企业/行业规章制度	3	standard_or_requirement	no	yes	no	no
三废处理	安全与监管	DZZY.xmind	单质炸药/安全与监管/三废处理	2	process_or_method	no	yes	no	no
废气	三废处理	DZZY.xmind	单质炸药/安全与监管/三废处理/废气	3	concept	no	no	no	no
废液	三废处理	DZZY.xmind	单质炸药/安全与监管/三废处理/废液	3	concept	no	no	no	no
废渣	三废处理	DZZY.xmind	单质炸药/安全与监管/三废处理/废渣	3	concept	no	no	no	no
制备与加工	单质炸药	DZZY.xmind	单质炸药/制备与加工	1	process_or_method	no	yes	no	no
合成	制备与加工	DZZY.xmind	单质炸药/制备与加工/合成	2	process_or_method	no	yes	no	no
合成理论	合成	DZZY.xmind	单质炸药/制备与加工/合成/合成理论	3	process_or_method	no	yes	no	no
过渡态理论	合成理论	DZZY.xmind	单质炸药/制备与加工/合成/合成理论/过渡态理论	4	concept	no	no	no	no
反应速率	过渡态理论	DZZY.xmind	单质炸药/制备与加工/合成/合成理论/过渡态理论/反应速率	5	process_or_method	no	yes	no	no
中间体	过渡态理论	DZZY.xmind	单质炸药/制备与加工/合成/合成理论/过渡态理论/中间体	5	concept	no	no	no	no
理论计算方法	过渡态理论	DZZY.xmind	单质炸药/制备与加工/合成/合成理论/过渡态理论/理论计算方法	5	process_or_method	no	yes	no	no
软件与工具	过渡态理论	DZZY.xmind	单质炸药/制备与加工/合成/合成理论/过渡态理论/软件与工具	5	concept	no	no	no	no
理论方法修正与扩展	过渡态理论	DZZY.xmind	单质炸药/制备与加工/合成/合成理论/过渡态理论/理论方法修正与扩展	5	process_or_method	no	yes	no	no
反应热力学	合成理论	DZZY.xmind	单质炸药/制备与加工/合成/合成理论/反应热力学	4	process_or_method	no	yes	no	no
热力学定律	反应热力学	DZZY.xmind	单质炸药/制备与加工/合成/合成理论/反应热力学/热力学定律	5	concept	no	no	no	no
单位与标准	反应热力学	DZZY.xmind	单质炸药/制备与加工/合成/合成理论/反应热力学/单位与标准	5	standard_or_requirement	no	yes	no	no
热力学参数	反应热力学	DZZY.xmind	单质炸药/制备与加工/合成/合成理论/反应热力学/热力学参数	5	concept	no	no	no	no
反应趋势	反应热力学	DZZY.xmind	单质炸药/制备与加工/合成/合成理论/反应热力学/反应趋势	5	process_or_method	no	yes	no	no
理论计算数据与方法	反应热力学	DZZY.xmind	单质炸药/制备与加工/合成/合成理论/反应热力学/理论计算数据与方法	5	process_or_method	no	yes	no	no
软件与工具	反应热力学	DZZY.xmind	单质炸药/制备与加工/合成/合成理论/反应热力学/软件与工具	5	concept	no	no	no	no
反应动力学	合成理论	DZZY.xmind	单质炸药/制备与加工/合成/合成理论/反应动力学	4	process_or_method	no	yes	no	no
反应速率	反应动力学	DZZY.xmind	单质炸药/制备与加工/合成/合成理论/反应动力学/反应速率	5	process_or_method	no	yes	no	no
活化能	反应动力学	DZZY.xmind	单质炸药/制备与加工/合成/合成理论/反应动力学/活化能	5	concept	no	no	no	no
反应机理	反应动力学	DZZY.xmind	单质炸药/制备与加工/合成/合成理论/反应动力学/反应机理	5	process_or_method	no	yes	no	no
微观动力学	反应动力学	DZZY.xmind	单质炸药/制备与加工/合成/合成理论/反应动力学/微观动力学	5	concept	no	no	no	no
影响因素分析	反应动力学	DZZY.xmind	单质炸药/制备与加工/合成/合成理论/反应动力学/影响因素分析	5	concept	no	no	no	no
选择性	反应动力学	DZZY.xmind	单质炸药/制备与加工/合成/合成理论/反应动力学/选择性	5	concept	no	no	no	no
实验测试方法	反应动力学	DZZY.xmind	单质炸药/制备与加工/合成/合成理论/反应动力学/实验测试方法	5	process_or_method	no	yes	no	no
理论计算方法	反应动力学	DZZY.xmind	单质炸药/制备与加工/合成/合成理论/反应动力学/理论计算方法	5	process_or_method	no	yes	no	no
软件与工具	反应动力学	DZZY.xmind	单质炸药/制备与加工/合成/合成理论/反应动力学/软件与工具	5	concept	no	no	no	no
反应类型与机制	合成理论	DZZY.xmind	单质炸药/制备与加工/合成/合成理论/反应类型与机制	4	process_or_method	no	yes	no	no
硝化反应	反应类型与机制	DZZY.xmind	单质炸药/制备与加工/合成/合成理论/反应类型与机制/硝化反应	5	process_or_method	no	yes	no	no
胺化/氨解	反应类型与机制	DZZY.xmind	单质炸药/制备与加工/合成/合成理论/反应类型与机制/胺化/氨解	5	concept	no	no	no	no
酯化反应	反应类型与机制	DZZY.xmind	单质炸药/制备与加工/合成/合成理论/反应类型与机制/酯化反应	5	process_or_method	no	yes	no	no
叠氮化	反应类型与机制	DZZY.xmind	单质炸药/制备与加工/合成/合成理论/反应类型与机制/叠氮化	5	concept	no	no	no	no
醛胺缩合	反应类型与机制	DZZY.xmind	单质炸药/制备与加工/合成/合成理论/反应类型与机制/醛胺缩合	5	concept	no	no	no	no
曼尼希反应	反应类型与机制	DZZY.xmind	单质炸药/制备与加工/合成/合成理论/反应类型与机制/曼尼希反应	5	process_or_method	no	yes	no	no
自由基反应	反应类型与机制	DZZY.xmind	单质炸药/制备与加工/合成/合成理论/反应类型与机制/自由基反应	5	process_or_method	no	yes	no	no
环化反应	反应类型与机制	DZZY.xmind	单质炸药/制备与加工/合成/合成理论/反应类型与机制/环化反应	5	process_or_method	no	yes	no	no
过渡金属催化反应	反应类型与机制	DZZY.xmind	单质炸药/制备与加工/合成/合成理论/反应类型与机制/过渡金属催化反应	5	process_or_method	no	yes	no	no
共轭体系反应	反应类型与机制	DZZY.xmind	单质炸药/制备与加工/合成/合成理论/反应类型与机制/共轭体系反应	5	process_or_method	no	yes	no	no
非共轭体系反应	反应类型与机制	DZZY.xmind	单质炸药/制备与加工/合成/合成理论/反应类型与机制/非共轭体系反应	5	process_or_method	no	yes	no	no
立体化学	合成理论	DZZY.xmind	单质炸药/制备与加工/合成/合成理论/立体化学	4	concept	no	no	no	no
空间异构	立体化学	DZZY.xmind	单质炸药/制备与加工/合成/合成理论/立体化学/空间异构	5	concept	no	no	no	no
对应异构	立体化学	DZZY.xmind	单质炸药/制备与加工/合成/合成理论/立体化学/对应异构	5	concept	no	no	no	no
构型分析	立体化学	DZZY.xmind	单质炸药/制备与加工/合成/合成理论/立体化学/构型分析	5	concept	no	no	no	no
构象分析	立体化学	DZZY.xmind	单质炸药/制备与加工/合成/合成理论/立体化学/构象分析	5	concept	no	no	no	no
立体化学构效关系	立体化学	DZZY.xmind	单质炸药/制备与加工/合成/合成理论/立体化学/立体化学构效关系	5	concept	no	no	no	no
反应选择性	合成理论	DZZY.xmind	单质炸药/制备与加工/合成/合成理论/反应选择性	4	process_or_method	no	yes	no	no
区域选择性	反应选择性	DZZY.xmind	单质炸药/制备与加工/合成/合成理论/反应选择性/区域选择性	5	concept	no	no	no	no
立体选择性	反应选择性	DZZY.xmind	单质炸药/制备与加工/合成/合成理论/反应选择性/立体选择性	5	concept	no	no	no	no
化学选择性	反应选择性	DZZY.xmind	单质炸药/制备与加工/合成/合成理论/反应选择性/化学选择性	5	concept	no	no	no	no
定量化描述	反应选择性	DZZY.xmind	单质炸药/制备与加工/合成/合成理论/反应选择性/定量化描述	5	concept	no	no	no	no
影响因素	反应选择性	DZZY.xmind	单质炸药/制备与加工/合成/合成理论/反应选择性/影响因素	5	concept	no	no	no	no
理论模型	反应选择性	DZZY.xmind	单质炸药/制备与加工/合成/合成理论/反应选择性/理论模型	5	concept	no	no	no	no
调控策略	反应选择性	DZZY.xmind	单质炸药/制备与加工/合成/合成理论/反应选择性/调控策略	5	concept	no	no	no	no
分析表征技术	反应选择性	DZZY.xmind	单质炸药/制备与加工/合成/合成理论/反应选择性/分析表征技术	5	process_or_method	no	yes	no	no
理论计算方法	反应选择性	DZZY.xmind	单质炸药/制备与加工/合成/合成理论/反应选择性/理论计算方法	5	process_or_method	no	yes	no	no
合成方法	合成	DZZY.xmind	单质炸药/制备与加工/合成/合成方法	3	process_or_method	no	yes	no	no
硝化反应	合成方法	DZZY.xmind	单质炸药/制备与加工/合成/合成方法/硝化反应	4	process_or_method	no	yes	no	no
胺化/氨解	合成方法	DZZY.xmind	单质炸药/制备与加工/合成/合成方法/胺化/氨解	4	concept	no	no	no	no
酯化反应	合成方法	DZZY.xmind	单质炸药/制备与加工/合成/合成方法/酯化反应	4	process_or_method	no	yes	no	no
叠氮化	合成方法	DZZY.xmind	单质炸药/制备与加工/合成/合成方法/叠氮化	4	concept	no	no	no	no
醛胺缩合	合成方法	DZZY.xmind	单质炸药/制备与加工/合成/合成方法/醛胺缩合	4	concept	no	no	no	no
曼尼希反应	合成方法	DZZY.xmind	单质炸药/制备与加工/合成/合成方法/曼尼希反应	4	process_or_method	no	yes	no	no
环化反应	合成方法	DZZY.xmind	单质炸药/制备与加工/合成/合成方法/环化反应	4	process_or_method	no	yes	no	no
工艺放大	合成	DZZY.xmind	单质炸药/制备与加工/合成/工艺放大	3	process_or_method	no	yes	no	no
基本原理与目标	工艺放大	DZZY.xmind	单质炸药/制备与加工/合成/工艺放大/基本原理与目标	4	concept	no	no	no	no
关键步骤与方法	工艺放大	DZZY.xmind	单质炸药/制备与加工/合成/工艺放大/关键步骤与方法	4	process_or_method	no	yes	no	no
关键工艺参数控制	工艺放大	DZZY.xmind	单质炸药/制备与加工/合成/工艺放大/关键工艺参数控制	4	process_or_method	no	yes	no	no
安全与环保控制	工艺放大	DZZY.xmind	单质炸药/制备与加工/合成/工艺放大/安全与环保控制	4	safety_management	no	yes	no	no
质量控制验证	工艺放大	DZZY.xmind	单质炸药/制备与加工/合成/工艺放大/质量控制验证	4	concept	no	no	no	no
工艺控制与验证	工艺放大	DZZY.xmind	单质炸药/制备与加工/合成/工艺放大/工艺控制与验证	4	process_or_method	no	yes	no	no
合成设备	合成	DZZY.xmind	单质炸药/制备与加工/合成/合成设备	3	process_or_method	no	yes	no	no
设备分类与选型	合成设备	DZZY.xmind	单质炸药/制备与加工/合成/合成设备/设备分类与选型	4	equipment	no	no	yes	no
反应规模	设备分类与选型	DZZY.xmind	单质炸药/制备与加工/合成/合成设备/设备分类与选型/反应规模	5	process_or_method	no	yes	no	no
反应特性	设备分类与选型	DZZY.xmind	单质炸药/制备与加工/合成/合成设备/设备分类与选型/反应特性	5	process_or_method	no	yes	no	no
反应设备	设备分类与选型	DZZY.xmind	单质炸药/制备与加工/合成/合成设备/设备分类与选型/反应设备	5	process_or_method	no	yes	no	no
分离纯化设备	设备分类与选型	DZZY.xmind	单质炸药/制备与加工/合成/合成设备/设备分类与选型/分离纯化设备	5	equipment	no	no	yes	no
公用工程设备	设备分类与选型	DZZY.xmind	单质炸药/制备与加工/合成/合成设备/设备分类与选型/公用工程设备	5	equipment	no	no	yes	no
安全控制与防护	合成设备	DZZY.xmind	单质炸药/制备与加工/合成/合成设备/安全控制与防护	4	safety_management	no	yes	no	no
风险识别与评估	安全控制与防护	DZZY.xmind	单质炸药/制备与加工/合成/合成设备/安全控制与防护/风险识别与评估	5	concept	no	no	no	no
设备安全设计与选型	安全控制与防护	DZZY.xmind	单质炸药/制备与加工/合成/合成设备/安全控制与防护/设备安全设计与选型	5	equipment	no	no	yes	no
物料安全管理	安全控制与防护	DZZY.xmind	单质炸药/制备与加工/合成/合成设备/安全控制与防护/物料安全管理	5	safety_management	no	yes	no	no
工艺过程安全控制	安全控制与防护	DZZY.xmind	单质炸药/制备与加工/合成/合成设备/安全控制与防护/工艺过程安全控制	5	process_or_method	no	yes	no	no
法规与标准	安全控制与防护	DZZY.xmind	单质炸药/制备与加工/合成/合成设备/安全控制与防护/法规与标准	5	standard_or_requirement	no	yes	no	no
操作控制与规程	合成设备	DZZY.xmind	单质炸药/制备与加工/合成/合成设备/操作控制与规程	4	concept	no	no	no	no
结晶	制备与加工	DZZY.xmind	单质炸药/制备与加工/结晶	2	process_or_method	no	yes	no	no
结晶理论	结晶	DZZY.xmind	单质炸药/制备与加工/结晶/结晶理论	3	process_or_method	no	yes	no	no
结晶热力学	结晶理论	DZZY.xmind	单质炸药/制备与加工/结晶/结晶理论/结晶热力学	4	process_or_method	no	yes	no	no
结晶动力学	结晶理论	DZZY.xmind	单质炸药/制备与加工/结晶/结晶理论/结晶动力学	4	process_or_method	no	yes	no	no
晶体形貌与调控	结晶理论	DZZY.xmind	单质炸药/制备与加工/结晶/结晶理论/晶体形貌与调控	4	structure_term	no	yes	no	no
多晶型与晶型转变	结晶理论	DZZY.xmind	单质炸药/制备与加工/结晶/结晶理论/多晶型与晶型转变	4	concept	no	no	no	no
结晶方法	结晶	DZZY.xmind	单质炸药/制备与加工/结晶/结晶方法	3	process_or_method	no	yes	no	no
冷却结晶	结晶方法	DZZY.xmind	单质炸药/制备与加工/结晶/结晶方法/冷却结晶	4	process_or_method	no	yes	no	no
蒸发结晶	结晶方法	DZZY.xmind	单质炸药/制备与加工/结晶/结晶方法/蒸发结晶	4	process_or_method	no	yes	no	no
溶剂/反溶剂结晶	结晶方法	DZZY.xmind	单质炸药/制备与加工/结晶/结晶方法/溶剂/反溶剂结晶	4	process_or_method	no	yes	no	no
超声辅助结晶	结晶方法	DZZY.xmind	单质炸药/制备与加工/结晶/结晶方法/超声辅助结晶	4	process_or_method	no	yes	no	no
膜结晶	结晶方法	DZZY.xmind	单质炸药/制备与加工/结晶/结晶方法/膜结晶	4	process_or_method	no	yes	no	no
喷射结晶	结晶方法	DZZY.xmind	单质炸药/制备与加工/结晶/结晶方法/喷射结晶	4	process_or_method	no	yes	no	no
结晶工艺	结晶	DZZY.xmind	单质炸药/制备与加工/结晶/结晶工艺	3	process_or_method	no	yes	no	no
基本原理与目标	结晶工艺	DZZY.xmind	单质炸药/制备与加工/结晶/结晶工艺/基本原理与目标	4	concept	no	no	no	no
关键步骤与方法	结晶工艺	DZZY.xmind	单质炸药/制备与加工/结晶/结晶工艺/关键步骤与方法	4	process_or_method	no	yes	no	no
关键工艺参数控制	结晶工艺	DZZY.xmind	单质炸药/制备与加工/结晶/结晶工艺/关键工艺参数控制	4	process_or_method	no	yes	no	no
安全与环保控制	结晶工艺	DZZY.xmind	单质炸药/制备与加工/结晶/结晶工艺/安全与环保控制	4	safety_management	no	yes	no	no
质量控制验证	结晶工艺	DZZY.xmind	单质炸药/制备与加工/结晶/结晶工艺/质量控制验证	4	concept	no	no	no	no
工艺控制与验证	结晶工艺	DZZY.xmind	单质炸药/制备与加工/结晶/结晶工艺/工艺控制与验证	4	process_or_method	no	yes	no	no
结晶设备	结晶	DZZY.xmind	单质炸药/制备与加工/结晶/结晶设备	3	process_or_method	no	yes	no	no
设备分类与选型	结晶设备	DZZY.xmind	单质炸药/制备与加工/结晶/结晶设备/设备分类与选型	4	equipment	no	no	yes	no
反应规模	设备分类与选型	DZZY.xmind	单质炸药/制备与加工/结晶/结晶设备/设备分类与选型/反应规模	5	process_or_method	no	yes	no	no
反应特性	设备分类与选型	DZZY.xmind	单质炸药/制备与加工/结晶/结晶设备/设备分类与选型/反应特性	5	process_or_method	no	yes	no	no
反应设备	设备分类与选型	DZZY.xmind	单质炸药/制备与加工/结晶/结晶设备/设备分类与选型/反应设备	5	process_or_method	no	yes	no	no
分离纯化设备	设备分类与选型	DZZY.xmind	单质炸药/制备与加工/结晶/结晶设备/设备分类与选型/分离纯化设备	5	equipment	no	no	yes	no
公用工程设备	设备分类与选型	DZZY.xmind	单质炸药/制备与加工/结晶/结晶设备/设备分类与选型/公用工程设备	5	equipment	no	no	yes	no
安全控制与防护	结晶设备	DZZY.xmind	单质炸药/制备与加工/结晶/结晶设备/安全控制与防护	4	safety_management	no	yes	no	no
风险识别与评估	安全控制与防护	DZZY.xmind	单质炸药/制备与加工/结晶/结晶设备/安全控制与防护/风险识别与评估	5	concept	no	no	no	no
设备安全设计与选型	安全控制与防护	DZZY.xmind	单质炸药/制备与加工/结晶/结晶设备/安全控制与防护/设备安全设计与选型	5	equipment	no	no	yes	no
物料安全管理	安全控制与防护	DZZY.xmind	单质炸药/制备与加工/结晶/结晶设备/安全控制与防护/物料安全管理	5	safety_management	no	yes	no	no
工艺过程安全控制	安全控制与防护	DZZY.xmind	单质炸药/制备与加工/结晶/结晶设备/安全控制与防护/工艺过程安全控制	5	process_or_method	no	yes	no	no
法规与标准	安全控制与防护	DZZY.xmind	单质炸药/制备与加工/结晶/结晶设备/安全控制与防护/法规与标准	5	standard_or_requirement	no	yes	no	no
操作控制与规程	结晶设备	DZZY.xmind	单质炸药/制备与加工/结晶/结晶设备/操作控制与规程	4	concept	no	no	no	no
加工与制造	制备与加工	DZZY.xmind	单质炸药/制备与加工/加工与制造	2	process_or_method	no	yes	no	no
基础认知体系	加工与制造	DZZY.xmind	单质炸药/制备与加工/加工与制造/基础认知体系	3	concept	no	no	no	no
原材料分类	基础认知体系	DZZY.xmind	单质炸药/制备与加工/加工与制造/基础认知体系/原材料分类	4	concept	no	no	no	no
典型单质炸药概览	基础认知体系	DZZY.xmind	单质炸药/制备与加工/加工与制造/基础认知体系/典型单质炸药概览	4	concept	no	no	no	no
本征危险特性	基础认知体系	DZZY.xmind	单质炸药/制备与加工/加工与制造/基础认知体系/本征危险特性	4	safety_management	no	yes	no	no
工艺流程	加工与制造	DZZY.xmind	单质炸药/制备与加工/加工与制造/工艺流程	3	process_or_method	no	yes	no	no
反应类型	工艺流程	DZZY.xmind	单质炸药/制备与加工/加工与制造/工艺流程/反应类型	4	process_or_method	no	yes	no	no
反应路径	工艺流程	DZZY.xmind	单质炸药/制备与加工/加工与制造/工艺流程/反应路径	4	process_or_method	no	yes	no	no
工艺流程组成	工艺流程	DZZY.xmind	单质炸药/制备与加工/加工与制造/工艺流程/工艺流程组成	4	process_or_method	no	yes	no	no
反应热分析	工艺流程	DZZY.xmind	单质炸药/制备与加工/加工与制造/工艺流程/反应热分析	4	process_or_method	no	yes	no	no
强化与替代工艺	工艺流程	DZZY.xmind	单质炸药/制备与加工/加工与制造/工艺流程/强化与替代工艺	4	process_or_method	no	yes	no	no
专用设备与管道系统	加工与制造	DZZY.xmind	单质炸药/制备与加工/加工与制造/专用设备与管道系统	3	equipment	no	no	yes	no
关重设备选型	专用设备与管道系统	DZZY.xmind	单质炸药/制备与加工/加工与制造/专用设备与管道系统/关重设备选型	4	equipment	no	no	yes	no
安全设计要点	专用设备与管道系统	DZZY.xmind	单质炸药/制备与加工/加工与制造/专用设备与管道系统/安全设计要点	4	safety_management	no	yes	no	no
管道系统要求	专用设备与管道系统	DZZY.xmind	单质炸药/制备与加工/加工与制造/专用设备与管道系统/管道系统要求	4	equipment	no	no	yes	no
自动化与过程安全	加工与制造	DZZY.xmind	单质炸药/制备与加工/加工与制造/自动化与过程安全	3	safety_management	no	yes	no	no
过程控制系统	自动化与过程安全	DZZY.xmind	单质炸药/制备与加工/加工与制造/自动化与过程安全/过程控制系统	4	equipment	no	no	yes	no
关键安全控制	自动化与过程安全	DZZY.xmind	单质炸药/制备与加工/加工与制造/自动化与过程安全/关键安全控制	4	safety_management	no	yes	no	no
在线检测	自动化与过程安全	DZZY.xmind	单质炸药/制备与加工/加工与制造/自动化与过程安全/在线检测	4	concept	no	no	no	no
报警机制	自动化与过程安全	DZZY.xmind	单质炸药/制备与加工/加工与制造/自动化与过程安全/报警机制	4	equipment	no	no	yes	no
三废处理	加工与制造	DZZY.xmind	单质炸药/制备与加工/加工与制造/三废处理	3	process_or_method	no	yes	no	no
废气	三废处理	DZZY.xmind	单质炸药/制备与加工/加工与制造/三废处理/废气	4	concept	no	no	no	no
废液	三废处理	DZZY.xmind	单质炸药/制备与加工/加工与制造/三废处理/废液	4	concept	no	no	no	no
废渣	三废处理	DZZY.xmind	单质炸药/制备与加工/加工与制造/三废处理/废渣	4	concept	no	no	no	no
销毁规章制度	三废处理	DZZY.xmind	单质炸药/制备与加工/加工与制造/三废处理/销毁规章制度	4	standard_or_requirement	no	yes	no	no
应急响应与事故防控	加工与制造	DZZY.xmind	单质炸药/制备与加工/加工与制造/应急响应与事故防控	3	safety_management	no	yes	no	no
典型事故类型	应急响应与事故防控	DZZY.xmind	单质炸药/制备与加工/加工与制造/应急响应与事故防控/典型事故类型	4	safety_management	no	yes	no	no
爆炸	典型事故类型	DZZY.xmind	单质炸药/制备与加工/加工与制造/应急响应与事故防控/典型事故类型/爆炸	5	concept	no	no	no	no
泄露	典型事故类型	DZZY.xmind	单质炸药/制备与加工/加工与制造/应急响应与事故防控/典型事故类型/泄露	5	concept	no	no	no	no
中毒	典型事故类型	DZZY.xmind	单质炸药/制备与加工/加工与制造/应急响应与事故防控/典型事故类型/中毒	5	concept	no	no	no	no
火灾	典型事故类型	DZZY.xmind	单质炸药/制备与加工/加工与制造/应急响应与事故防控/典型事故类型/火灾	5	concept	no	no	no	no
热失控	典型事故类型	DZZY.xmind	单质炸药/制备与加工/加工与制造/应急响应与事故防控/典型事故类型/热失控	5	concept	no	no	no	no
危险识别与评估	应急响应与事故防控	DZZY.xmind	单质炸药/制备与加工/加工与制造/应急响应与事故防控/危险识别与评估	4	safety_management	no	yes	no	no
应急体系	应急响应与事故防控	DZZY.xmind	单质炸药/制备与加工/加工与制造/应急响应与事故防控/应急体系	4	safety_management	no	yes	no	no
法规标准	加工与制造	DZZY.xmind	单质炸药/制备与加工/加工与制造/法规标准	3	standard_or_requirement	no	yes	no	no
国内法规标准	法规标准	DZZY.xmind	单质炸药/制备与加工/加工与制造/法规标准/国内法规标准	4	standard_or_requirement	no	yes	no	no
国标	国内法规标准	DZZY.xmind	单质炸药/制备与加工/加工与制造/法规标准/国内法规标准/国标	5	concept	no	no	no	no
国军标	国内法规标准	DZZY.xmind	单质炸药/制备与加工/加工与制造/法规标准/国内法规标准/国军标	5	concept	no	no	no	no
国际标准	法规标准	DZZY.xmind	单质炸药/制备与加工/加工与制造/法规标准/国际标准	4	standard_or_requirement	no	yes	no	no
企业级标准	法规标准	DZZY.xmind	单质炸药/制备与加工/加工与制造/法规标准/企业级标准	4	standard_or_requirement	no	yes	no	no
行业级标准	法规标准	DZZY.xmind	单质炸药/制备与加工/加工与制造/法规标准/行业级标准	4	standard_or_requirement	no	yes	no	no
相关学科关联	制备与加工	DZZY.xmind	单质炸药/制备与加工/相关学科关联	2	concept	no	no	no	no
